"CubeId";"devwkibiim"
"PublishingDate";"2024-11-07 09:00"

"Date";"D0";"D1";"D2";"Value"
"2000-10";"N";"CN";"I";"94.84511539"
"2000-10";"N";"DE";"I";"100.08646148"
"2000-10";"N";"GB";"I";"95.96042227"
"2000-10";"N";"US";"I";"95.21063048"
"2000-10";"K";"CN";"I";"94.68078276"
"2000-10";"K";"DE";"I";"100.11889656"
"2000-10";"K";"GB";"I";"95.56484159"
"2000-10";"K";"US";"I";"95.36010886"
"2000-11";"N";"CN";"I";"94.55600594"
"2000-11";"N";"DE";"I";"99.56480318"
"2000-11";"N";"GB";"I";"97.22156445"
"2000-11";"N";"US";"I";"94.77120504"
"2000-11";"K";"CN";"I";"94.46914872"
"2000-11";"K";"DE";"I";"99.62577896"
"2000-11";"K";"GB";"I";"96.99447768"
"2000-11";"K";"US";"I";"95.02159954"
"2000-12";"N";"CN";"I";"100"
"2000-12";"N";"DE";"I";"100"
"2000-12";"N";"GB";"I";"100"
"2000-12";"N";"US";"I";"100"
"2000-12";"K";"CN";"I";"100"
"2000-12";"K";"DE";"I";"100"
"2000-12";"K";"GB";"I";"100"
"2000-12";"K";"US";"I";"100"
"2001-01";"N";"CN";"I";"103.2672354"
"2001-01";"N";"DE";"I";"99.09067837"
"2001-01";"N";"GB";"I";"102.28374083"
"2001-01";"N";"US";"I";"103.43770704"
"2001-01";"K";"CN";"I";"103.06297719"
"2001-01";"K";"DE";"I";"99.39896484"
"2001-01";"K";"GB";"I";"102.29708367"
"2001-01";"K";"US";"I";"103.02934022"
"2001-02";"N";"CN";"I";"100.82720031"
"2001-02";"N";"DE";"I";"98.64266183"
"2001-02";"N";"GB";"I";"101.7060919"
"2001-02";"N";"US";"I";"101.06269945"
"2001-02";"K";"CN";"I";"100.81097078"
"2001-02";"K";"DE";"I";"98.32630022"
"2001-02";"K";"GB";"I";"101.42116023"
"2001-02";"K";"US";"I";"100.35241952"
"2001-03";"N";"CN";"I";"99.43124836"
"2001-03";"N";"DE";"I";"98.62815749"
"2001-03";"N";"GB";"I";"100.97945738"
"2001-03";"N";"US";"I";"99.76029149"
"2001-03";"K";"CN";"I";"99.48799857"
"2001-03";"K";"DE";"I";"98.42289811"
"2001-03";"K";"GB";"I";"100.7579255"
"2001-03";"K";"US";"I";"99.16809196"
"2001-04";"N";"CN";"I";"98.20181637"
"2001-04";"N";"DE";"I";"99.13621789"
"2001-04";"N";"GB";"I";"100.23600672"
"2001-04";"N";"US";"I";"98.31615006"
"2001-04";"K";"CN";"I";"97.6758284"
"2001-04";"K";"DE";"I";"98.34078663"
"2001-04";"K";"GB";"I";"99.5391246"
"2001-04";"K";"US";"I";"97.33587724"
"2001-05";"N";"CN";"I";"95.93256962"
"2001-05";"N";"DE";"I";"98.76293742"
"2001-05";"N";"GB";"I";"98.63094404"
"2001-05";"N";"US";"I";"96.10723935"
"2001-05";"K";"CN";"I";"95.88938641"
"2001-05";"K";"DE";"I";"98.19995728"
"2001-05";"K";"GB";"I";"98.03709518"
"2001-05";"K";"US";"I";"95.30630032"
"2001-06";"N";"CN";"I";"94.20836719"
"2001-06";"N";"DE";"I";"99.50014072"
"2001-06";"N";"GB";"I";"98.51242534"
"2001-06";"N";"US";"I";"94.41803148"
"2001-06";"K";"CN";"I";"94.4706758"
"2001-06";"K";"DE";"I";"98.95106568"
"2001-06";"K";"GB";"I";"97.91376158"
"2001-06";"K";"US";"I";"93.59462427"
"2001-07";"N";"CN";"I";"95.65120899"
"2001-07";"N";"DE";"I";"100.0847318"
"2001-07";"N";"GB";"I";"99.0605675"
"2001-07";"N";"US";"I";"95.66126635"
"2001-07";"K";"CN";"I";"96.19877143"
"2001-07";"K";"DE";"I";"99.94700904"
"2001-07";"K";"GB";"I";"99.04596524"
"2001-07";"K";"US";"I";"95.31422376"
"2001-08";"N";"CN";"I";"100.11446126"
"2001-08";"N";"DE";"I";"100.027785"
"2001-08";"N";"GB";"I";"101.97391004"
"2001-08";"N";"US";"I";"100.12637823"
"2001-08";"K";"CN";"I";"100.45987818"
"2001-08";"K";"DE";"I";"99.39287589"
"2001-08";"K";"GB";"I";"101.20995279"
"2001-08";"K";"US";"I";"99.25098495"
"2001-09";"N";"CN";"I";"102.8279921"
"2001-09";"N";"DE";"I";"101.52583094"
"2001-09";"N";"GB";"I";"102.8515838"
"2001-09";"N";"US";"I";"102.76069318"
"2001-09";"K";"CN";"I";"103.40480569"
"2001-09";"K";"DE";"I";"100.66858866"
"2001-09";"K";"GB";"I";"101.89294168"
"2001-09";"K";"US";"I";"101.48620463"
"2001-10";"N";"CN";"I";"102.9328694"
"2001-10";"N";"DE";"I";"102.36930727"
"2001-10";"N";"GB";"I";"103.94979908"
"2001-10";"N";"US";"I";"103.1190414"
"2001-10";"K";"CN";"I";"103.09606968"
"2001-10";"K";"DE";"I";"101.12783132"
"2001-10";"K";"GB";"I";"102.73207997"
"2001-10";"K";"US";"I";"101.73031797"
"2001-11";"N";"CN";"I";"101.89431302"
"2001-11";"N";"DE";"I";"103.28342422"
"2001-11";"N";"GB";"I";"103.86561322"
"2001-11";"N";"US";"I";"101.99367961"
"2001-11";"K";"CN";"I";"102.31881159"
"2001-11";"K";"DE";"I";"102.09491056"
"2001-11";"K";"GB";"I";"102.70516339"
"2001-11";"K";"US";"I";"100.64424466"
"2001-12";"N";"CN";"I";"101.42698216"
"2001-12";"N";"DE";"I";"102.71099841"
"2001-12";"N";"GB";"I";"103.54196982"
"2001-12";"N";"US";"I";"101.90916119"
"2001-12";"K";"CN";"I";"102.00759048"
"2001-12";"K";"DE";"I";"101.40191787"
"2001-12";"K";"GB";"I";"102.4751464"
"2001-12";"K";"US";"I";"100.63780834"
"2002-01";"N";"CN";"I";"100.69713665"
"2002-01";"N";"DE";"I";"102.71139327"
"2002-01";"N";"GB";"I";"103.07702464"
"2002-01";"N";"US";"I";"100.98701181"
"2002-01";"K";"CN";"I";"102.06778248"
"2002-01";"K";"DE";"I";"101.44493497"
"2002-01";"K";"GB";"I";"101.88299912"
"2002-01";"K";"US";"I";"99.94696855"
"2002-02";"N";"CN";"I";"99.08679108"
"2002-02";"N";"DE";"I";"102.52244721"
"2002-02";"N";"GB";"I";"101.98167423"
"2002-02";"N";"US";"I";"99.16900148"
"2002-02";"K";"CN";"I";"99.80350448"
"2002-02";"K";"DE";"I";"101.03420498"
"2002-02";"K";"GB";"I";"100.65173655"
"2002-02";"K";"US";"I";"98.04444781"
"2002-03";"N";"CN";"I";"100.42884816"
"2002-03";"N";"DE";"I";"103.18793437"
"2002-03";"N";"GB";"I";"103.38077652"
"2002-03";"N";"US";"I";"100.50375614"
"2002-03";"K";"CN";"I";"101.73503761"
"2002-03";"K";"DE";"I";"101.46234986"
"2002-03";"K";"GB";"I";"101.93615057"
"2002-03";"K";"US";"I";"99.00873515"
"2002-04";"N";"CN";"I";"101.7060582"
"2002-04";"N";"DE";"I";"103.3233028"
"2002-04";"N";"GB";"I";"103.17922691"
"2002-04";"N";"US";"I";"101.70152477"
"2002-04";"K";"CN";"I";"103.48402651"
"2002-04";"K";"DE";"I";"102.03051851"
"2002-04";"K";"GB";"I";"101.87248475"
"2002-04";"K";"US";"I";"100.10338023"
"2002-05";"N";"CN";"I";"105.91456112"
"2002-05";"N";"DE";"I";"103.98257759"
"2002-05";"N";"GB";"I";"106.19361567"
"2002-05";"N";"US";"I";"105.96962134"
"2002-05";"K";"CN";"I";"107.64737752"
"2002-05";"K";"DE";"I";"102.7176892"
"2002-05";"K";"GB";"I";"104.90676131"
"2002-05";"K";"US";"I";"104.46992167"
"2002-06";"N";"CN";"I";"109.25876775"
"2002-06";"N";"DE";"I";"102.92508915"
"2002-06";"N";"GB";"I";"107.83435153"
"2002-06";"N";"US";"I";"109.27779264"
"2002-06";"K";"CN";"I";"110.72827953"
"2002-06";"K";"DE";"I";"101.48506289"
"2002-06";"K";"GB";"I";"106.34046708"
"2002-06";"K";"US";"I";"107.49073343"
"2002-07";"N";"CN";"I";"114.17085311"
"2002-07";"N";"DE";"I";"103.55486601"
"2002-07";"N";"GB";"I";"107.56997668"
"2002-07";"N";"US";"I";"114.23509114"
"2002-07";"K";"CN";"I";"116.00508363"
"2002-07";"K";"DE";"I";"102.22587613"
"2002-07";"K";"GB";"I";"106.01303362"
"2002-07";"K";"US";"I";"112.18194164"
"2002-08";"N";"CN";"I";"112.35989997"
"2002-08";"N";"DE";"I";"103.50774947"
"2002-08";"N";"GB";"I";"107.09052674"
"2002-08";"N";"US";"I";"112.49883222"
"2002-08";"K";"CN";"I";"114.20949766"
"2002-08";"K";"DE";"I";"102.08946093"
"2002-08";"K";"GB";"I";"105.39564579"
"2002-08";"K";"US";"I";"110.10220003"
"2002-09";"N";"CN";"I";"112.55905855"
"2002-09";"N";"DE";"I";"103.37925028"
"2002-09";"N";"GB";"I";"106.04358548"
"2002-09";"N";"US";"I";"112.71967994"
"2002-09";"K";"CN";"I";"114.46502637"
"2002-09";"K";"DE";"I";"101.80279612"
"2002-09";"K";"GB";"I";"104.22525506"
"2002-09";"K";"US";"I";"110.30362603"
"2002-10";"N";"CN";"I";"112.65272177"
"2002-10";"N";"DE";"I";"103.39436709"
"2002-10";"N";"GB";"I";"105.98612401"
"2002-10";"N";"US";"I";"112.7852409"
"2002-10";"K";"CN";"I";"114.94141583"
"2002-10";"K";"DE";"I";"102.09046629"
"2002-10";"K";"GB";"I";"104.28899866"
"2002-10";"K";"US";"I";"110.36643286"
"2002-11";"N";"CN";"I";"114.74114192"
"2002-11";"N";"DE";"I";"103.22570408"
"2002-11";"N";"GB";"I";"106.97424826"
"2002-11";"N";"US";"I";"114.92329694"
"2002-11";"K";"CN";"I";"116.90164775"
"2002-11";"K";"DE";"I";"101.79813846"
"2002-11";"K";"GB";"I";"105.03547533"
"2002-11";"K";"US";"I";"111.95274026"
"2002-12";"N";"CN";"I";"117.06819376"
"2002-12";"N";"DE";"I";"103.26339216"
"2002-12";"N";"GB";"I";"107.9447092"
"2002-12";"N";"US";"I";"117.09326294"
"2002-12";"K";"CN";"I";"119.21205836"
"2002-12";"K";"DE";"I";"101.69303264"
"2002-12";"K";"GB";"I";"105.92601182"
"2002-12";"K";"US";"I";"113.8970487"
"2003-01";"N";"CN";"I";"122.25211983"
"2003-01";"N";"DE";"I";"103.63319206"
"2003-01";"N";"GB";"I";"110.71181522"
"2003-01";"N";"US";"I";"122.22328425"
"2003-01";"K";"CN";"I";"124.53905288"
"2003-01";"K";"DE";"I";"102.17889222"
"2003-01";"K";"GB";"I";"108.84574595"
"2003-01";"K";"US";"I";"118.88604193"
"2003-02";"N";"CN";"I";"123.59719482"
"2003-02";"N";"DE";"I";"103.2337965"
"2003-02";"N";"GB";"I";"112.36738502"
"2003-02";"N";"US";"I";"123.6603673"
"2003-02";"K";"CN";"I";"125.53395829"
"2003-02";"K";"DE";"I";"101.4585589"
"2003-02";"K";"GB";"I";"110.4040201"
"2003-02";"K";"US";"I";"119.83431458"
"2003-03";"N";"CN";"I";"123.55281561"
"2003-03";"N";"DE";"I";"103.10594053"
"2003-03";"N";"GB";"I";"114.5503946"
"2003-03";"N";"US";"I";"123.88403258"
"2003-03";"K";"CN";"I";"125.71678227"
"2003-03";"K";"DE";"I";"101.66760848"
"2003-03";"K";"GB";"I";"112.72755539"
"2003-03";"K";"US";"I";"120.10253625"
"2003-04";"N";"CN";"I";"122.03821765"
"2003-04";"N";"DE";"I";"101.24691017"
"2003-04";"N";"GB";"I";"113.65851423"
"2003-04";"N";"US";"I";"122.2832608"
"2003-04";"K";"CN";"I";"123.69706475"
"2003-04";"K";"DE";"I";"99.69209145"
"2003-04";"K";"GB";"I";"111.13320974"
"2003-04";"K";"US";"I";"118.49117499"
"2003-05";"N";"CN";"I";"128.42441127"
"2003-05";"N";"DE";"I";"99.96874787"
"2003-05";"N";"GB";"I";"115.83064398"
"2003-05";"N";"US";"I";"128.45161478"
"2003-05";"K";"CN";"I";"130.29026655"
"2003-05";"K";"DE";"I";"98.53535891"
"2003-05";"K";"GB";"I";"113.31834382"
"2003-05";"K";"US";"I";"124.54116046"
"2003-06";"N";"CN";"I";"127.50219635"
"2003-06";"N";"DE";"I";"98.35439976"
"2003-06";"N";"GB";"I";"112.44660849"
"2003-06";"N";"US";"I";"127.70246722"
"2003-06";"K";"CN";"I";"129.64127766"
"2003-06";"K";"DE";"I";"96.58968475"
"2003-06";"K";"GB";"I";"110.12838027"
"2003-06";"K";"US";"I";"123.66791992"
"2003-07";"N";"CN";"I";"123.70516369"
"2003-07";"N";"DE";"I";"97.90493884"
"2003-07";"N";"GB";"I";"111.50997417"
"2003-07";"N";"US";"I";"123.80139492"
"2003-07";"K";"CN";"I";"125.6611833"
"2003-07";"K";"DE";"I";"95.96794841"
"2003-07";"K";"GB";"I";"108.82610209"
"2003-07";"K";"US";"I";"119.49174501"
"2003-08";"N";"CN";"I";"121.73425544"
"2003-08";"N";"DE";"I";"98.32526194"
"2003-08";"N";"GB";"I";"111.87778989"
"2003-08";"N";"US";"I";"121.9492091"
"2003-08";"K";"CN";"I";"123.48073886"
"2003-08";"K";"DE";"I";"96.4484361"
"2003-08";"K";"GB";"I";"109.28375732"
"2003-08";"K";"US";"I";"117.5156752"
"2003-09";"N";"CN";"I";"122.37063944"
"2003-09";"N";"DE";"I";"97.91284049"
"2003-09";"N";"GB";"I";"110.97157647"
"2003-09";"N";"US";"I";"122.12240951"
"2003-09";"K";"CN";"I";"123.80306892"
"2003-09";"K";"DE";"I";"96.01426312"
"2003-09";"K";"GB";"I";"108.25975618"
"2003-09";"K";"US";"I";"117.5095204"
"2003-10";"N";"CN";"I";"127.08439683"
"2003-10";"N";"DE";"I";"97.8414784"
"2003-10";"N";"GB";"I";"111.10238018"
"2003-10";"N";"US";"I";"127.32502943"
"2003-10";"K";"CN";"I";"127.80564143"
"2003-10";"K";"DE";"I";"95.93464191"
"2003-10";"K";"GB";"I";"108.30592534"
"2003-10";"K";"US";"I";"122.59031859"
"2003-11";"N";"CN";"I";"126.26591507"
"2003-11";"N";"DE";"I";"97.17040177"
"2003-11";"N";"GB";"I";"109.54607641"
"2003-11";"N";"US";"I";"126.43110383"
"2003-11";"K";"CN";"I";"125.50046213"
"2003-11";"K";"DE";"I";"95.13172276"
"2003-11";"K";"GB";"I";"106.67776224"
"2003-11";"K";"US";"I";"121.59135565"
"2003-12";"N";"CN";"I";"133.13427624"
"2003-12";"N";"DE";"I";"97.38517014"
"2003-12";"N";"GB";"I";"111.25749992"
"2003-12";"N";"US";"I";"133.08263873"
"2003-12";"K";"CN";"I";"131.99817966"
"2003-12";"K";"DE";"I";"95.38717769"
"2003-12";"K";"GB";"I";"108.38775308"
"2003-12";"K";"US";"I";"127.73866795"
"2004-01";"N";"CN";"I";"135.54259377"
"2004-01";"N";"DE";"I";"96.75185163"
"2004-01";"N";"GB";"I";"109.12210606"
"2004-01";"N";"US";"I";"135.67367489"
"2004-01";"K";"CN";"I";"134.07963576"
"2004-01";"K";"DE";"I";"94.52584119"
"2004-01";"K";"GB";"I";"106.02811493"
"2004-01";"K";"US";"I";"129.71532272"
"2004-02";"N";"CN";"I";"135.12413242"
"2004-02";"N";"DE";"I";"96.28185067"
"2004-02";"N";"GB";"I";"106.08087948"
"2004-02";"N";"US";"I";"135.40027873"
"2004-02";"K";"CN";"I";"134.61611102"
"2004-02";"K";"DE";"I";"93.98536895"
"2004-02";"K";"GB";"I";"102.88433634"
"2004-02";"K";"US";"I";"129.08879359"
"2004-03";"N";"CN";"I";"131.69394639"
"2004-03";"N";"DE";"I";"96.68632204"
"2004-03";"N";"GB";"I";"105.5952077"
"2004-03";"N";"US";"I";"131.88480252"
"2004-03";"K";"CN";"I";"129.98115606"
"2004-03";"K";"DE";"I";"94.34523993"
"2004-03";"K";"GB";"I";"102.66761385"
"2004-03";"K";"US";"I";"125.56744844"
"2004-04";"N";"CN";"I";"129.71498715"
"2004-04";"N";"DE";"I";"97.43798396"
"2004-04";"N";"GB";"I";"105.31545193"
"2004-04";"N";"US";"I";"129.98821116"
"2004-04";"K";"CN";"I";"127.33629299"
"2004-04";"K";"DE";"I";"94.84196281"
"2004-04";"K";"GB";"I";"102.4106441"
"2004-04";"K";"US";"I";"123.79277577"
"2004-05";"N";"CN";"I";"131.20814037"
"2004-05";"N";"DE";"I";"98.35439976"
"2004-05";"N";"GB";"I";"107.5560906"
"2004-05";"N";"US";"I";"131.44661687"
"2004-05";"K";"CN";"I";"128.70402303"
"2004-05";"K";"DE";"I";"95.75192511"
"2004-05";"K";"GB";"I";"104.64584289"
"2004-05";"K";"US";"I";"124.83068297"
"2004-06";"N";"CN";"I";"134.5244365"
"2004-06";"N";"DE";"I";"99.7337896"
"2004-06";"N";"GB";"I";"107.72434775"
"2004-06";"N";"US";"I";"134.59360549"
"2004-06";"K";"CN";"I";"131.93785393"
"2004-06";"K";"DE";"I";"97.23652929"
"2004-06";"K";"GB";"I";"104.98920018"
"2004-06";"K";"US";"I";"127.62702412"
"2004-07";"N";"CN";"I";"135.10710141"
"2004-07";"N";"DE";"I";"99.20763395"
"2004-07";"N";"GB";"I";"107.51512156"
"2004-07";"N";"US";"I";"135.37370715"
"2004-07";"K";"CN";"I";"131.85456036"
"2004-07";"K";"DE";"I";"96.3886104"
"2004-07";"K";"GB";"I";"104.3656696"
"2004-07";"K";"US";"I";"128.0795937"
"2004-08";"N";"CN";"I";"133.23372365"
"2004-08";"N";"DE";"I";"98.47765587"
"2004-08";"N";"GB";"I";"107.2130877"
"2004-08";"N";"US";"I";"133.32346148"
"2004-08";"K";"CN";"I";"129.93928864"
"2004-08";"K";"DE";"I";"95.77968812"
"2004-08";"K";"GB";"I";"104.30935002"
"2004-08";"K";"US";"I";"126.46991428"
"2004-09";"N";"CN";"I";"133.18291169"
"2004-09";"N";"DE";"I";"98.15653246"
"2004-09";"N";"GB";"I";"108.80312462"
"2004-09";"N";"US";"I";"133.30187187"
"2004-09";"K";"CN";"I";"129.32200728"
"2004-09";"K";"DE";"I";"95.41244179"
"2004-09";"K";"GB";"I";"105.83351528"
"2004-09";"K";"US";"I";"126.2566752"
"2004-10";"N";"CN";"I";"136.23406354"
"2004-10";"N";"DE";"I";"98.18220237"
"2004-10";"N";"GB";"I";"110.39325483"
"2004-10";"N";"US";"I";"136.33930981"
"2004-10";"K";"CN";"I";"133.07588572"
"2004-10";"K";"DE";"I";"95.69232319"
"2004-10";"K";"GB";"I";"107.55813291"
"2004-10";"K";"US";"I";"128.79227026"
"2004-11";"N";"CN";"I";"143.65572145"
"2004-11";"N";"DE";"I";"99.51184698"
"2004-11";"N";"GB";"I";"113.07631042"
"2004-11";"N";"US";"I";"143.52674016"
"2004-11";"K";"CN";"I";"140.78224768"
"2004-11";"K";"DE";"I";"97.06621691"
"2004-11";"K";"GB";"I";"110.04365177"
"2004-11";"K";"US";"I";"135.27984681"
"2004-12";"N";"CN";"I";"146.69724783"
"2004-12";"N";"DE";"I";"98.61775731"
"2004-12";"N";"GB";"I";"111.45074915"
"2004-12";"N";"US";"I";"147.01351025"
"2004-12";"K";"CN";"I";"143.89288907"
"2004-12";"K";"DE";"I";"95.73452144"
"2004-12";"K";"GB";"I";"108.18384965"
"2004-12";"K";"US";"I";"138.39740901"
"2005-01";"N";"CN";"I";"142.50012524"
"2005-01";"N";"DE";"I";"97.92503387"
"2005-01";"N";"GB";"I";"111.32403956"
"2005-01";"N";"US";"I";"142.97336201"
"2005-01";"K";"CN";"I";"140.19843631"
"2005-01";"K";"DE";"I";"95.47324643"
"2005-01";"K";"GB";"I";"107.73055673"
"2005-01";"K";"US";"I";"134.37441408"
"2005-02";"N";"CN";"I";"141.19087079"
"2005-02";"N";"DE";"I";"97.72340854"
"2005-02";"N";"GB";"I";"109.6399339"
"2005-02";"N";"US";"I";"141.41062695"
"2005-02";"K";"CN";"I";"137.39513088"
"2005-02";"K";"DE";"I";"95.15461405"
"2005-02";"K";"GB";"I";"106.0915215"
"2005-02";"K";"US";"I";"132.61855472"
"2005-03";"N";"CN";"I";"143.07850372"
"2005-03";"N";"DE";"I";"97.77112285"
"2005-03";"N";"GB";"I";"110.17445656"
"2005-03";"N";"US";"I";"143.32571299"
"2005-03";"K";"CN";"I";"139.65858301"
"2005-03";"K";"DE";"I";"95.14102003"
"2005-03";"K";"GB";"I";"106.65733389"
"2005-03";"K";"US";"I";"134.19400526"
"2005-04";"N";"CN";"I";"140.69297757"
"2005-04";"N";"DE";"I";"97.90027511"
"2005-04";"N";"GB";"I";"108.78150333"
"2005-04";"N";"US";"I";"140.91419918"
"2005-04";"K";"CN";"I";"137.53259143"
"2005-04";"K";"DE";"I";"95.49197112"
"2005-04";"K";"GB";"I";"105.21972621"
"2005-04";"K";"US";"I";"131.45828428"
"2005-05";"N";"CN";"I";"138.26782649"
"2005-05";"N";"DE";"I";"98.04694683"
"2005-05";"N";"GB";"I";"109.10376228"
"2005-05";"N";"US";"I";"138.43157803"
"2005-05";"K";"CN";"I";"134.74194515"
"2005-05";"K";"DE";"I";"95.27709462"
"2005-05";"K";"GB";"I";"105.2125233"
"2005-05";"K";"US";"I";"129.27866426"
"2005-06";"N";"CN";"I";"132.99785562"
"2005-06";"N";"DE";"I";"98.46684203"
"2005-06";"N";"GB";"I";"107.08513076"
"2005-06";"N";"US";"I";"133.18014157"
"2005-06";"K";"CN";"I";"129.38396823"
"2005-06";"K";"DE";"I";"95.34605273"
"2005-06";"K";"GB";"I";"103.06113157"
"2005-06";"K";"US";"I";"124.0870076"
"2005-07";"N";"CN";"I";"129.25966991"
"2005-07";"N";"DE";"I";"97.21033378"
"2005-07";"N";"GB";"I";"108.75268831"
"2005-07";"N";"US";"I";"130.1559607"
"2005-07";"K";"CN";"I";"125.63309786"
"2005-07";"K";"DE";"I";"94.12216812"
"2005-07";"K";"GB";"I";"104.38418736"
"2005-07";"K";"US";"I";"120.88891763"
"2005-08";"N";"CN";"I";"130.31532904"
"2005-08";"N";"DE";"I";"97.54089426"
"2005-08";"N";"GB";"I";"108.7549846"
"2005-08";"N";"US";"I";"133.30320668"
"2005-08";"K";"CN";"I";"126.87856767"
"2005-08";"K";"DE";"I";"94.34936534"
"2005-08";"K";"GB";"I";"104.44547027"
"2005-08";"K";"US";"I";"123.2506618"
"2005-09";"N";"CN";"I";"130.04897731"
"2005-09";"N";"DE";"I";"97.77461139"
"2005-09";"N";"GB";"I";"107.80534979"
"2005-09";"N";"US";"I";"133.237145"
"2005-09";"K";"CN";"I";"126.97125106"
"2005-09";"K";"DE";"I";"94.62628722"
"2005-09";"K";"GB";"I";"103.66468049"
"2005-09";"K";"US";"I";"122.27270174"
"2005-10";"N";"CN";"I";"127.6001902"
"2005-10";"N";"DE";"I";"97.79019146"
"2005-10";"N";"GB";"I";"108.41559258"
"2005-10";"N";"US";"I";"130.73149089"
"2005-10";"K";"CN";"I";"124.5904569"
"2005-10";"K";"DE";"I";"94.8301062"
"2005-10";"K";"GB";"I";"104.47996464"
"2005-10";"K";"US";"I";"119.88370535"
"2005-11";"N";"CN";"I";"125.37806829"
"2005-11";"N";"DE";"I";"98.02494626"
"2005-11";"N";"GB";"I";"108.36647446"
"2005-11";"N";"US";"I";"128.55592738"
"2005-11";"K";"CN";"I";"122.30341122"
"2005-11";"K";"DE";"I";"94.87099707"
"2005-11";"K";"GB";"I";"104.17734394"
"2005-11";"K";"US";"I";"118.15408093"
"2005-12";"N";"CN";"I";"125.73019791"
"2005-12";"N";"DE";"I";"97.83356385"
"2005-12";"N";"GB";"I";"108.10103035"
"2005-12";"N";"US";"I";"129.02451721"
"2005-12";"K";"CN";"I";"122.4712736"
"2005-12";"K";"DE";"I";"94.57452801"
"2005-12";"K";"GB";"I";"103.72589852"
"2005-12";"K";"US";"I";"118.55792592"
"2006-01";"N";"CN";"I";"128.09503204"
"2006-01";"N";"DE";"I";"97.76058556"
"2006-01";"N";"GB";"I";"109.12529214"
"2006-01";"N";"US";"I";"131.60244521"
"2006-01";"K";"CN";"I";"124.83559825"
"2006-01";"K";"DE";"I";"94.80142526"
"2006-01";"K";"GB";"I";"104.74354722"
"2006-01";"K";"US";"I";"120.48892932"
"2006-02";"N";"CN";"I";"125.44231631"
"2006-02";"N";"DE";"I";"97.22712954"
"2006-02";"N";"GB";"I";"108.11168354"
"2006-02";"N";"US";"I";"129.11860039"
"2006-02";"K";"CN";"I";"122.55508962"
"2006-02";"K";"DE";"I";"94.23625758"
"2006-02";"K";"GB";"I";"103.85164939"
"2006-02";"K";"US";"I";"118.42466565"
"2006-03";"N";"CN";"I";"125.10769779"
"2006-03";"N";"DE";"I";"96.54848697"
"2006-03";"N";"GB";"I";"108.26288248"
"2006-03";"N";"US";"I";"129.05833859"
"2006-03";"K";"CN";"I";"122.23051433"
"2006-03";"K";"DE";"I";"93.63451424"
"2006-03";"K";"GB";"I";"103.83410326"
"2006-03";"K";"US";"I";"118.10294322"
"2006-04";"N";"CN";"I";"126.79859122"
"2006-04";"N";"DE";"I";"96.20828871"
"2006-04";"N";"GB";"I";"108.65243508"
"2006-04";"N";"US";"I";"131.14603309"
"2006-04";"K";"CN";"I";"123.37217527"
"2006-04";"K";"DE";"I";"93.03256667"
"2006-04";"K";"GB";"I";"103.83790446"
"2006-04";"K";"US";"I";"119.38701941"
"2006-05";"N";"CN";"I";"133.54593368"
"2006-05";"N";"DE";"I";"97.28171856"
"2006-05";"N";"GB";"I";"108.20116607"
"2006-05";"N";"US";"I";"138.04980547"
"2006-05";"K";"CN";"I";"129.76536855"
"2006-05";"K";"DE";"I";"94.146593"
"2006-05";"K";"GB";"I";"103.24462131"
"2006-05";"K";"US";"I";"125.46391407"
"2006-06";"N";"CN";"I";"132.08062632"
"2006-06";"N";"DE";"I";"97.0890026"
"2006-06";"N";"GB";"I";"108.48556827"
"2006-06";"N";"US";"I";"136.72023443"
"2006-06";"K";"CN";"I";"128.1287987"
"2006-06";"K";"DE";"I";"93.71214431"
"2006-06";"K";"GB";"I";"103.2875434"
"2006-06";"K";"US";"I";"124.10350221"
"2006-07";"N";"CN";"I";"131.28605758"
"2006-07";"N";"DE";"I";"96.55985228"
"2006-07";"N";"GB";"I";"108.06274389"
"2006-07";"N";"US";"I";"136.19909328"
"2006-07";"K";"CN";"I";"127.58947321"
"2006-07";"K";"DE";"I";"93.08318995"
"2006-07";"K";"GB";"I";"102.58003376"
"2006-07";"K";"US";"I";"123.26441452"
"2006-08";"N";"CN";"I";"131.62754858"
"2006-08";"N";"DE";"I";"96.02926216"
"2006-08";"N";"GB";"I";"105.77233241"
"2006-08";"N";"US";"I";"136.84153583"
"2006-08";"K";"CN";"I";"128.01378627"
"2006-08";"K";"DE";"I";"92.83559221"
"2006-08";"K";"GB";"I";"100.42986855"
"2006-08";"K";"US";"I";"123.70125448"
"2006-09";"N";"CN";"I";"129.64535085"
"2006-09";"N";"DE";"I";"95.63823906"
"2006-09";"N";"GB";"I";"105.04913279"
"2006-09";"N";"US";"I";"135.43328801"
"2006-09";"K";"CN";"I";"125.71127568"
"2006-09";"K";"DE";"I";"92.31526947"
"2006-09";"K";"GB";"I";"99.31780202"
"2006-09";"K";"US";"I";"122.77487993"
"2006-10";"N";"CN";"I";"127.39555194"
"2006-10";"N";"DE";"I";"95.27851987"
"2006-10";"N";"GB";"I";"104.28212695"
"2006-10";"N";"US";"I";"133.62982615"
"2006-10";"K";"CN";"I";"123.17983055"
"2006-10";"K";"DE";"I";"91.68376226"
"2006-10";"K";"GB";"I";"98.31394385"
"2006-10";"K";"US";"I";"121.25923498"
"2006-11";"N";"CN";"I";"129.28391695"
"2006-11";"N";"DE";"I";"95.12849842"
"2006-11";"N";"GB";"I";"104.27510418"
"2006-11";"N";"US";"I";"136.25656291"
"2006-11";"K";"CN";"I";"124.37205631"
"2006-11";"K";"DE";"I";"91.25777078"
"2006-11";"K";"GB";"I";"98.02450171"
"2006-11";"K";"US";"I";"123.34812181"
"2006-12";"N";"CN";"I";"131.3899564"
"2006-12";"N";"DE";"I";"94.83072294"
"2006-12";"N";"GB";"I";"103.75004764"
"2006-12";"N";"US";"I";"139.30919821"
"2006-12";"K";"CN";"I";"125.19121693"
"2006-12";"K";"DE";"I";"90.98791292"
"2006-12";"K";"GB";"I";"97.37314904"
"2006-12";"K";"US";"I";"125.57723648"
"2007-01";"N";"CN";"I";"127.44205888"
"2007-01";"N";"DE";"I";"93.77219761"
"2007-01";"N";"GB";"I";"101.24591545"
"2007-01";"N";"US";"I";"135.60412112"
"2007-01";"K";"CN";"I";"121.60816421"
"2007-01";"K";"DE";"I";"89.4678199"
"2007-01";"K";"GB";"I";"94.8136011"
"2007-01";"K";"US";"I";"121.75463559"
"2007-02";"N";"CN";"I";"126.9308773"
"2007-02";"N";"DE";"I";"93.4183139"
"2007-02";"N";"GB";"I";"101.49321902"
"2007-02";"N";"US";"I";"135.77039339"
"2007-02";"K";"CN";"I";"120.70765553"
"2007-02";"K";"DE";"I";"89.0007754"
"2007-02";"K";"GB";"I";"94.9032849"
"2007-02";"K";"US";"I";"121.49830751"
"2007-03";"N";"CN";"I";"129.07523133"
"2007-03";"N";"DE";"I";"93.92596"
"2007-03";"N";"GB";"I";"103.90424607"
"2007-03";"N";"US";"I";"138.24430308"
"2007-03";"K";"CN";"I";"122.27201242"
"2007-03";"K";"DE";"I";"89.5556787"
"2007-03";"K";"GB";"I";"96.96803994"
"2007-03";"K";"US";"I";"123.29089194"
"2007-04";"N";"CN";"I";"129.45772184"
"2007-04";"N";"DE";"I";"92.52375263"
"2007-04";"N";"GB";"I";"102.21136387"
"2007-04";"N";"US";"I";"138.87858984"
"2007-04";"K";"CN";"I";"122.81147072"
"2007-04";"K";"DE";"I";"88.03160318"
"2007-04";"K";"GB";"I";"95.55300399"
"2007-04";"K";"US";"I";"123.79467596"
"2007-05";"N";"CN";"I";"127.75806577"
"2007-05";"N";"DE";"I";"91.79231318"
"2007-05";"N";"GB";"I";"101.71824364"
"2007-05";"N";"US";"I";"137.92320524"
"2007-05";"K";"CN";"I";"120.53709924"
"2007-05";"K";"DE";"I";"87.36188835"
"2007-05";"K";"GB";"I";"95.14978775"
"2007-05";"K";"US";"I";"122.64200766"
"2007-06";"N";"CN";"I";"125.72219079"
"2007-06";"N";"DE";"I";"91.56213404"
"2007-06";"N";"GB";"I";"100.60306804"
"2007-06";"N";"US";"I";"136.53304091"
"2007-06";"K";"CN";"I";"117.64549903"
"2007-06";"K";"DE";"I";"87.25376411"
"2007-06";"K";"GB";"I";"94.07082264"
"2007-06";"K";"US";"I";"121.53246258"
"2007-07";"N";"CN";"I";"127.39736736"
"2007-07";"N";"DE";"I";"91.42451361"
"2007-07";"N";"GB";"I";"100.29101969"
"2007-07";"N";"US";"I";"139.42860011"
"2007-07";"K";"CN";"I";"118.17332419"
"2007-07";"K";"DE";"I";"86.9747131"
"2007-07";"K";"GB";"I";"94.00202686"
"2007-07";"K";"US";"I";"124.20770123"
"2007-08";"N";"CN";"I";"127.95185643"
"2007-08";"N";"DE";"I";"92.46323439"
"2007-08";"N";"GB";"I";"101.93611549"
"2007-08";"N";"US";"I";"139.99555709"
"2007-08";"K";"CN";"I";"117.38934699"
"2007-08";"K";"DE";"I";"87.90766255"
"2007-08";"K";"GB";"I";"95.35616473"
"2007-08";"K";"US";"I";"124.71518048"
"2007-09";"N";"CN";"I";"128.87929374"
"2007-09";"N";"DE";"I";"91.93610845"
"2007-09";"N";"GB";"I";"102.96550938"
"2007-09";"N";"US";"I";"141.95964743"
"2007-09";"K";"CN";"I";"118.3586883"
"2007-09";"K";"DE";"I";"87.09043751"
"2007-09";"K";"GB";"I";"96.17262531"
"2007-09";"K";"US";"I";"126.16468021"
"2007-10";"N";"CN";"I";"129.8078331"
"2007-10";"N";"DE";"I";"90.67548194"
"2007-10";"N";"GB";"I";"102.67819927"
"2007-10";"N";"US";"I";"143.40213639"
"2007-10";"K";"CN";"I";"119.22756189"
"2007-10";"K";"DE";"I";"86.01451858"
"2007-10";"K";"GB";"I";"95.93261194"
"2007-10";"K";"US";"I";"127.26066176"
"2007-11";"N";"CN";"I";"134.25252223"
"2007-11";"N";"DE";"I";"91.88156962"
"2007-11";"N";"GB";"I";"105.80873225"
"2007-11";"N";"US";"I";"149.88949686"
"2007-11";"K";"CN";"I";"122.77418913"
"2007-11";"K";"DE";"I";"86.86592708"
"2007-11";"K";"GB";"I";"98.92678727"
"2007-11";"K";"US";"I";"132.34197225"
"2007-12";"N";"CN";"I";"131.2053161"
"2007-12";"N";"DE";"I";"91.28204265"
"2007-12";"N";"GB";"I";"107.06081277"
"2007-12";"N";"US";"I";"147.63554984"
"2007-12";"K";"CN";"I";"119.65491418"
"2007-12";"K";"DE";"I";"86.60564054"
"2007-12";"K";"GB";"I";"100.19337431"
"2007-12";"K";"US";"I";"130.43596618"
"2008-01";"N";"CN";"I";"133.37061152"
"2008-01";"N";"DE";"I";"93.40241752"
"2008-01";"N";"GB";"I";"113.40651466"
"2008-01";"N";"US";"I";"152.71090842"
"2008-01";"K";"CN";"I";"121.62210636"
"2008-01";"K";"DE";"I";"88.72284666"
"2008-01";"K";"GB";"I";"106.21441461"
"2008-01";"K";"US";"I";"134.67579804"
"2008-02";"N";"CN";"I";"133.46877874"
"2008-02";"N";"DE";"I";"94.15487046"
"2008-02";"N";"GB";"I";"115.02644938"
"2008-02";"N";"US";"I";"154.36828778"
"2008-02";"K";"CN";"I";"119.37773731"
"2008-02";"K";"DE";"I";"89.26907485"
"2008-02";"K";"GB";"I";"107.25954107"
"2008-02";"K";"US";"I";"135.90132932"
"2008-03";"N";"CN";"I";"141.98656941"
"2008-03";"N";"DE";"I";"96.41159104"
"2008-03";"N";"GB";"I";"121.61552188"
"2008-03";"N";"US";"I";"166.38324103"
"2008-03";"K";"CN";"I";"127.38915683"
"2008-03";"K";"DE";"I";"91.47911914"
"2008-03";"K";"GB";"I";"113.61691463"
"2008-03";"K";"US";"I";"146.45951971"
"2008-04";"N";"CN";"I";"140.44563859"
"2008-04";"N";"DE";"I";"94.940312"
"2008-04";"N";"GB";"I";"122.95826919"
"2008-04";"N";"US";"I";"166.29730769"
"2008-04";"K";"CN";"I";"125.48953464"
"2008-04";"K";"DE";"I";"90.2513017"
"2008-04";"K";"GB";"I";"114.18674699"
"2008-04";"K";"US";"I";"145.87848491"
"2008-05";"N";"CN";"I";"135.75356061"
"2008-05";"N";"DE";"I";"93.27342499"
"2008-05";"N";"GB";"I";"120.13605985"
"2008-05";"N";"US";"I";"161.35743226"
"2008-05";"K";"CN";"I";"122.1187074"
"2008-05";"K";"DE";"I";"88.59875976"
"2008-05";"K";"GB";"I";"111.80351552"
"2008-05";"K";"US";"I";"141.63927845"
"2008-06";"N";"CN";"I";"135.12227099"
"2008-06";"N";"DE";"I";"93.85546758"
"2008-06";"N";"GB";"I";"120.93629457"
"2008-06";"N";"US";"I";"162.3295658"
"2008-06";"K";"CN";"I";"121.43780527"
"2008-06";"K";"DE";"I";"89.15689322"
"2008-06";"K";"GB";"I";"112.19207853"
"2008-06";"K";"US";"I";"141.60718569"
"2008-07";"N";"CN";"I";"135.38247414"
"2008-07";"N";"DE";"I";"93.57661717"
"2008-07";"N";"GB";"I";"120.77210613"
"2008-07";"N";"US";"I";"164.09891971"
"2008-07";"K";"CN";"I";"121.82263655"
"2008-07";"K";"DE";"I";"88.765588"
"2008-07";"K";"GB";"I";"111.91677078"
"2008-07";"K";"US";"I";"142.67118075"
"2008-08";"N";"CN";"I";"128.67204357"
"2008-08";"N";"DE";"I";"93.43567676"
"2008-08";"N";"GB";"I";"120.48744188"
"2008-08";"N";"US";"I";"155.60293519"
"2008-08";"K";"CN";"I";"115.83131973"
"2008-08";"K";"DE";"I";"88.66327874"
"2008-08";"K";"GB";"I";"111.07288148"
"2008-08";"K";"US";"I";"135.43572651"
"2008-09";"N";"CN";"I";"125.19195937"
"2008-09";"N";"DE";"I";"94.99377654"
"2008-09";"N";"GB";"I";"123.4520775"
"2008-09";"N";"US";"I";"151.74006028"
"2008-09";"K";"CN";"I";"113.05194992"
"2008-09";"K";"DE";"I";"90.09896076"
"2008-09";"K";"GB";"I";"113.22578867"
"2008-09";"K";"US";"I";"132.22328075"
"2008-10";"N";"CN";"I";"121.61075218"
"2008-10";"N";"DE";"I";"99.63109135"
"2008-10";"N";"GB";"I";"127.6497509"
"2008-10";"N";"US";"I";"147.42709366"
"2008-10";"K";"CN";"I";"110.17262866"
"2008-10";"K";"DE";"I";"94.74679209"
"2008-10";"K";"GB";"I";"117.47244001"
"2008-10";"K";"US";"I";"129.5054451"
"2008-11";"N";"CN";"I";"116.66097963"
"2008-11";"N";"DE";"I";"99.96241321"
"2008-11";"N";"GB";"I";"134.97255698"
"2008-11";"N";"US";"I";"141.56756625"
"2008-11";"K";"CN";"I";"105.62405771"
"2008-11";"K";"DE";"I";"94.67054408"
"2008-11";"K";"GB";"I";"123.3337091"
"2008-11";"K";"US";"I";"125.48308364"
"2008-12";"N";"CN";"I";"122.25883635"
"2008-12";"N";"DE";"I";"98.55936841"
"2008-12";"N";"GB";"I";"145.2950262"
"2008-12";"N";"US";"I";"147.78038897"
"2008-12";"K";"CN";"I";"110.93113824"
"2008-12";"K";"DE";"I";"93.12969156"
"2008-12";"K";"GB";"I";"132.85561827"
"2008-12";"K";"US";"I";"131.40309898"
"2009-01";"N";"CN";"I";"123.57020234"
"2009-01";"N";"DE";"I";"101.37161036"
"2009-01";"N";"GB";"I";"151.93119468"
"2009-01";"N";"US";"I";"149.79312518"
"2009-01";"K";"CN";"I";"111.67693059"
"2009-01";"K";"DE";"I";"95.49623728"
"2009-01";"K";"GB";"I";"138.40666925"
"2009-01";"K";"US";"I";"132.27417105"
"2009-02";"N";"CN";"I";"119.20644699"
"2009-02";"N";"DE";"I";"101.62041919"
"2009-02";"N";"GB";"I";"146.80141732"
"2009-02";"N";"US";"I";"144.51462502"
"2009-02";"K";"CN";"I";"108.5646701"
"2009-02";"K";"DE";"I";"95.47324633"
"2009-02";"K";"GB";"I";"133.15875432"
"2009-02";"K";"US";"I";"127.23570159"
"2009-03";"N";"CN";"I";"120.23022461"
"2009-03";"N";"DE";"I";"100.51637075"
"2009-03";"N";"GB";"I";"150.29259668"
"2009-03";"N";"US";"I";"145.74314915"
"2009-03";"K";"CN";"I";"108.66325558"
"2009-03";"K";"DE";"I";"94.57176209"
"2009-03";"K";"GB";"I";"135.93637602"
"2009-03";"K";"US";"I";"128.23186232"
"2009-04";"N";"CN";"I";"120.92333199"
"2009-04";"N";"DE";"I";"99.9397206"
"2009-04";"N";"GB";"I";"145.97671958"
"2009-04";"N";"US";"I";"146.69081119"
"2009-04";"K";"CN";"I";"109.34239207"
"2009-04";"K";"DE";"I";"94.03143709"
"2009-04";"K";"GB";"I";"132.25266526"
"2009-04";"K";"US";"I";"129.20233214"
"2009-05";"N";"CN";"I";"124.98363306"
"2009-05";"N";"DE";"I";"100.17802144"
"2009-05";"N";"GB";"I";"144.26266539"
"2009-05";"N";"US";"I";"151.77943657"
"2009-05";"K";"CN";"I";"112.90503263"
"2009-05";"K";"DE";"I";"94.22915419"
"2009-05";"K";"GB";"I";"130.23407546"
"2009-05";"K";"US";"I";"133.63740793"
"2009-06";"N";"CN";"I";"128.47497977"
"2009-06";"N";"DE";"I";"100.01188009"
"2009-06";"N";"GB";"I";"139.3138584"
"2009-06";"N";"US";"I";"155.80128102"
"2009-06";"K";"CN";"I";"116.36363672"
"2009-06";"K";"DE";"I";"94.02818043"
"2009-06";"K";"GB";"I";"125.81467734"
"2009-06";"K";"US";"I";"136.55699757"
"2009-07";"N";"CN";"I";"128.57036738"
"2009-07";"N";"DE";"I";"99.6338779"
"2009-07";"N";"GB";"I";"139.5735095"
"2009-07";"N";"US";"I";"155.95989349"
"2009-07";"K";"CN";"I";"116.44841799"
"2009-07";"K";"DE";"I";"93.83310919"
"2009-07";"K";"GB";"I";"125.7323129"
"2009-07";"K";"US";"I";"136.8079155"
"2009-08";"N";"CN";"I";"129.86750915"
"2009-08";"N";"DE";"I";"99.38460974"
"2009-08";"N";"GB";"I";"139.36844318"
"2009-08";"N";"US";"I";"157.52974877"
"2009-08";"K";"CN";"I";"117.43977937"
"2009-08";"K";"DE";"I";"93.55436727"
"2009-08";"K";"GB";"I";"125.68695817"
"2009-08";"K";"US";"I";"138.05244693"
"2009-09";"N";"CN";"I";"133.3135926"
"2009-09";"N";"DE";"I";"99.9913363"
"2009-09";"N";"GB";"I";"145.01231445"
"2009-09";"N";"US";"I";"161.80392451"
"2009-09";"K";"CN";"I";"120.20970734"
"2009-09";"K";"DE";"I";"94.13670612"
"2009-09";"K";"GB";"I";"130.51348334"
"2009-09";"K";"US";"I";"141.42397864"
"2009-10";"N";"CN";"I";"135.77438411"
"2009-10";"N";"DE";"I";"100.03889335"
"2009-10";"N";"GB";"I";"149.02178149"
"2009-10";"N";"US";"I";"164.82115817"
"2009-10";"K";"CN";"I";"122.7638676"
"2009-10";"K";"DE";"I";"94.37001597"
"2009-10";"K";"GB";"I";"134.31157781"
"2009-10";"K";"US";"I";"143.88008935"
"2009-11";"N";"CN";"I";"137.02859198"
"2009-11";"N";"DE";"I";"100.27808951"
"2009-11";"N";"GB";"I";"146.56940801"
"2009-11";"N";"US";"I";"166.33549722"
"2009-11";"K";"CN";"I";"123.53749029"
"2009-11";"K";"DE";"I";"94.69234047"
"2009-11";"K";"GB";"I";"132.028546"
"2009-11";"K";"US";"I";"144.85407121"
"2009-12";"N";"CN";"I";"134.85953562"
"2009-12";"N";"DE";"I";"100.84414071"
"2009-12";"N";"GB";"I";"147.61633054"
"2009-12";"N";"US";"I";"163.69246128"
"2009-12";"K";"CN";"I";"120.72456632"
"2009-12";"K";"DE";"I";"94.79450136"
"2009-12";"K";"GB";"I";"132.64806972"
"2009-12";"K";"US";"I";"142.15833798"
"2010-01";"N";"CN";"I";"134.18970747"
"2010-01";"N";"DE";"I";"102.54035309"
"2010-01";"N";"GB";"I";"147.27607378"
"2010-01";"N";"US";"I";"162.89716999"
"2010-01";"K";"CN";"I";"120.75596233"
"2010-01";"K";"DE";"I";"96.85643933"
"2010-01";"K";"GB";"I";"132.22366539"
"2010-01";"K";"US";"I";"141.63117895"
"2010-02";"N";"CN";"I";"129.49204053"
"2010-02";"N";"DE";"I";"103.22554027"
"2010-02";"N";"GB";"I";"147.08409942"
"2010-02";"N";"US";"I";"157.14696808"
"2010-02";"K";"CN";"I";"115.93611141"
"2010-02";"K";"DE";"I";"97.35484813"
"2010-02";"K";"GB";"I";"131.97049988"
"2010-02";"K";"US";"I";"136.74916421"
"2010-03";"N";"CN";"I";"130.00572686"
"2010-03";"N";"DE";"I";"104.57629104"
"2010-03";"N";"GB";"I";"153.44860407"
"2010-03";"N";"US";"I";"157.83176815"
"2010-03";"K";"CN";"I";"116.46538835"
"2010-03";"K";"DE";"I";"98.5289094"
"2010-03";"K";"GB";"I";"137.36221317"
"2010-03";"K";"US";"I";"137.62855065"
"2010-04";"N";"CN";"I";"129.89629863"
"2010-04";"N";"DE";"I";"105.68338271"
"2010-04";"N";"GB";"I";"150.52511206"
"2010-04";"N";"US";"I";"157.70929682"
"2010-04";"K";"CN";"I";"116.05035879"
"2010-04";"K";"DE";"I";"99.59080766"
"2010-04";"K";"GB";"I";"134.6307409"
"2010-04";"K";"US";"I";"137.77872185"
"2010-05";"N";"CN";"I";"122.85572376"
"2010-05";"N";"DE";"I";"106.69059014"
"2010-05";"N";"GB";"I";"148.85168352"
"2010-05";"N";"US";"I";"149.12300679"
"2010-05";"K";"CN";"I";"109.12626828"
"2010-05";"K";"DE";"I";"100.25847855"
"2010-05";"K";"GB";"I";"132.57652014"
"2010-05";"K";"US";"I";"130.12453066"
"2010-06";"N";"CN";"I";"122.80364919"
"2010-06";"N";"DE";"I";"109.9600739"
"2010-06";"N";"GB";"I";"148.17712494"
"2010-06";"N";"US";"I";"149.24694594"
"2010-06";"K";"CN";"I";"108.84333987"
"2010-06";"K";"DE";"I";"102.97655996"
"2010-06";"K";"GB";"I";"131.29817509"
"2010-06";"K";"US";"I";"130.02331277"
"2010-07";"N";"CN";"I";"130.50993654"
"2010-07";"N";"DE";"I";"112.43531848"
"2010-07";"N";"GB";"I";"152.8977899"
"2010-07";"N";"US";"I";"159.61956142"
"2010-07";"K";"CN";"I";"115.09998481"
"2010-07";"K";"DE";"I";"105.14004617"
"2010-07";"K";"GB";"I";"135.18843718"
"2010-07";"K";"US";"I";"138.79410032"
"2010-08";"N";"CN";"I";"132.62141198"
"2010-08";"N";"DE";"I";"112.79783776"
"2010-08";"N";"GB";"I";"151.26625081"
"2010-08";"N";"US";"I";"161.93831902"
"2010-08";"K";"CN";"I";"116.55353779"
"2010-08";"K";"DE";"I";"105.44423826"
"2010-08";"K";"GB";"I";"133.59069926"
"2010-08";"K";"US";"I";"140.66557368"
"2010-09";"N";"CN";"I";"136.66731164"
"2010-09";"N";"DE";"I";"115.75605749"
"2010-09";"N";"GB";"I";"157.97010804"
"2010-09";"N";"US";"I";"167.99342635"
"2010-09";"K";"CN";"I";"119.44557827"
"2010-09";"K";"DE";"I";"107.94908314"
"2010-09";"K";"GB";"I";"139.19283175"
"2010-09";"K";"US";"I";"145.48064283"
"2010-10";"N";"CN";"I";"140.06026766"
"2010-10";"N";"DE";"I";"112.52421676"
"2010-10";"N";"GB";"I";"160.48775646"
"2010-10";"N";"US";"I";"173.8478028"
"2010-10";"K";"CN";"I";"121.75200825"
"2010-10";"K";"DE";"I";"104.99647034"
"2010-10";"K";"GB";"I";"141.42799294"
"2010-10";"K";"US";"I";"150.33929298"
"2010-11";"N";"CN";"I";"137.25819109"
"2010-11";"N";"DE";"I";"112.65761523"
"2010-11";"N";"GB";"I";"156.87629435"
"2010-11";"N";"US";"I";"171.28149032"
"2010-11";"K";"CN";"I";"118.10343424"
"2010-11";"K";"DE";"I";"105.1484094"
"2010-11";"K";"GB";"I";"138.1136517"
"2010-11";"K";"US";"I";"147.89224942"
"2010-12";"N";"CN";"I";"139.71916253"
"2010-12";"N";"DE";"I";"118.27111121"
"2010-12";"N";"GB";"I";"163.03108358"
"2010-12";"N";"US";"I";"173.88281677"
"2010-12";"K";"CN";"I";"120.30911103"
"2010-12";"K";"DE";"I";"110.33968459"
"2010-12";"K";"GB";"I";"142.83026415"
"2010-12";"K";"US";"I";"149.64768565"
"2011-01";"N";"CN";"I";"140.24809932"
"2011-01";"N";"DE";"I";"118.52389004"
"2011-01";"N";"GB";"I";"163.36652424"
"2011-01";"N";"US";"I";"175.96480664"
"2011-01";"K";"CN";"I";"120.48168093"
"2011-01";"K";"DE";"I";"110.29418721"
"2011-01";"K";"GB";"I";"142.29494681"
"2011-01";"K";"US";"I";"151.00101672"
"2011-02";"N";"CN";"I";"140.86197701"
"2011-02";"N";"DE";"I";"116.813052"
"2011-02";"N";"GB";"I";"160.72535431"
"2011-02";"N";"US";"I";"177.26815948"
"2011-02";"K";"CN";"I";"120.5789396"
"2011-02";"K";"DE";"I";"108.6134843"
"2011-02";"K";"GB";"I";"139.78749614"
"2011-02";"K";"US";"I";"151.88037344"
"2011-03";"N";"CN";"I";"145.23919781"
"2011-03";"N";"DE";"I";"117.59369175"
"2011-03";"N";"GB";"I";"165.72855273"
"2011-03";"N";"US";"I";"183.08351993"
"2011-03";"K";"CN";"I";"124.27531145"
"2011-03";"K";"DE";"I";"109.62964747"
"2011-03";"K";"GB";"I";"144.57267434"
"2011-03";"K";"US";"I";"156.98999856"
"2011-04";"N";"CN";"I";"147.94969417"
"2011-04";"N";"DE";"I";"116.80432659"
"2011-04";"N";"GB";"I";"167.7356074"
"2011-04";"N";"US";"I";"187.72580043"
"2011-04";"K";"CN";"I";"125.66596063"
"2011-04";"K";"DE";"I";"108.30747133"
"2011-04";"K";"GB";"I";"145.02238109"
"2011-04";"K";"US";"I";"159.47567702"
"2011-05";"N";"CN";"I";"151.17614688"
"2011-05";"N";"DE";"I";"120.77983149"
"2011-05";"N";"GB";"I";"172.58035974"
"2011-05";"N";"US";"I";"192.76966797"
"2011-05";"K";"CN";"I";"127.5197889"
"2011-05";"K";"DE";"I";"111.69323926"
"2011-05";"K";"GB";"I";"148.70390415"
"2011-05";"K";"US";"I";"163.03846332"
"2011-06";"N";"CN";"I";"156.63460715"
"2011-06";"N";"DE";"I";"125.20355247"
"2011-06";"N";"GB";"I";"180.76006933"
"2011-06";"N";"US";"I";"200.32978097"
"2011-06";"K";"CN";"I";"130.95149724"
"2011-06";"K";"DE";"I";"115.54278142"
"2011-06";"K";"GB";"I";"155.36618901"
"2011-06";"K";"US";"I";"169.44290337"
"2011-07";"N";"CN";"I";"159.58984295"
"2011-07";"N";"DE";"I";"128.60317259"
"2011-07";"N";"GB";"I";"185.36614208"
"2011-07";"N";"US";"I";"204.2496657"
"2011-07";"K";"CN";"I";"132.49347741"
"2011-07";"K";"DE";"I";"118.35040157"
"2011-07";"K";"GB";"I";"158.44653289"
"2011-07";"K";"US";"I";"172.09541187"
"2011-08";"N";"CN";"I";"166.81502733"
"2011-08";"N";"DE";"I";"135.07562749"
"2011-08";"N";"GB";"I";"192.64412224"
"2011-08";"N";"US";"I";"215.53753594"
"2011-08";"K";"CN";"I";"138.08256888"
"2011-08";"K";"DE";"I";"123.91760696"
"2011-08";"K";"GB";"I";"164.01998753"
"2011-08";"K";"US";"I";"180.64454282"
"2011-09";"N";"CN";"I";"148.56244549"
"2011-09";"N";"DE";"I";"126.1192533"
"2011-09";"N";"GB";"I";"178.92197901"
"2011-09";"N";"US";"I";"193.01977686"
"2011-09";"K";"CN";"I";"122.76535159"
"2011-09";"K";"DE";"I";"115.38457292"
"2011-09";"K";"GB";"I";"151.45116913"
"2011-09";"K";"US";"I";"161.59574642"
"2011-10";"N";"CN";"I";"144.03998326"
"2011-10";"N";"DE";"I";"123.16086818"
"2011-10";"N";"GB";"I";"174.39696587"
"2011-10";"N";"US";"I";"187.6000085"
"2011-10";"K";"CN";"I";"118.49880526"
"2011-10";"K";"DE";"I";"112.24147108"
"2011-10";"K";"GB";"I";"147.22280372"
"2011-10";"K";"US";"I";"156.5757756"
"2011-11";"N";"CN";"I";"141.90584128"
"2011-11";"N";"DE";"I";"122.99363141"
"2011-11";"N";"GB";"I";"171.69569395"
"2011-11";"N";"US";"I";"185.40049887"
"2011-11";"K";"CN";"I";"116.57989358"
"2011-11";"K";"DE";"I";"111.63309803"
"2011-11";"K";"GB";"I";"144.40217675"
"2011-11";"K";"US";"I";"154.06567199"
"2011-12";"N";"CN";"I";"137.75733794"
"2011-12";"N";"DE";"I";"123.38644571"
"2011-12";"N";"GB";"I";"169.44423229"
"2011-12";"N";"US";"I";"180.73473106"
"2011-12";"K";"CN";"I";"113.27133767"
"2011-12";"K";"DE";"I";"112.07199833"
"2011-12";"K";"GB";"I";"142.33175056"
"2011-12";"K";"US";"I";"150.06264993"
"2012-01";"N";"CN";"I";"136.74842306"
"2012-01";"N";"DE";"I";"125.06201826"
"2012-01";"N";"GB";"I";"169.31612011"
"2012-01";"N";"US";"I";"179.54425174"
"2012-01";"K";"CN";"I";"111.46580342"
"2012-01";"K";"DE";"I";"113.02689218"
"2012-01";"K";"GB";"I";"141.83483441"
"2012-01";"K";"US";"I";"148.54160568"
"2012-02";"N";"CN";"I";"140.36621192"
"2012-02";"N";"DE";"I";"125.47081742"
"2012-02";"N";"GB";"I";"170.87096114"
"2012-02";"N";"US";"I";"184.63675337"
"2012-02";"K";"CN";"I";"115.43562039"
"2012-02";"K";"DE";"I";"113.12063379"
"2012-02";"K";"GB";"I";"142.83586644"
"2012-02";"K";"US";"I";"152.44713098"
"2012-03";"N";"CN";"I";"140.39931994"
"2012-03";"N";"DE";"I";"125.56619653"
"2012-03";"N";"GB";"I";"170.49867753"
"2012-03";"N";"US";"I";"184.36335007"
"2012-03";"K";"CN";"I";"114.80803588"
"2012-03";"K";"DE";"I";"113.38285388"
"2012-03";"K";"GB";"I";"142.90393074"
"2012-03";"K";"US";"I";"152.47343942"
"2012-04";"N";"CN";"I";"140.09061807"
"2012-04";"N";"DE";"I";"125.98890628"
"2012-04";"N";"GB";"I";"168.48350031"
"2012-04";"N";"US";"I";"184.3095351"
"2012-04";"K";"CN";"I";"114.04145313"
"2012-04";"K";"DE";"I";"113.46822065"
"2012-04";"K";"GB";"I";"140.38461173"
"2012-04";"K";"US";"I";"151.62323483"
"2012-05";"N";"CN";"I";"136.39760363"
"2012-05";"N";"DE";"I";"126.08747828"
"2012-05";"N";"GB";"I";"165.00819632"
"2012-05";"N";"US";"I";"179.56517746"
"2012-05";"K";"CN";"I";"110.64143137"
"2012-05";"K";"DE";"I";"113.25236717"
"2012-05";"K";"GB";"I";"137.27048914"
"2012-05";"K";"US";"I";"147.89214777"
"2012-06";"N";"CN";"I";"134.00532653"
"2012-06";"N";"DE";"I";"126.1120072"
"2012-06";"N";"GB";"I";"165.42590443"
"2012-06";"N";"US";"I";"175.6859082"
"2012-06";"K";"CN";"I";"108.67623693"
"2012-06";"K";"DE";"I";"113.3036862"
"2012-06";"K";"GB";"I";"137.55913659"
"2012-06";"K";"US";"I";"144.62438276"
"2012-07";"N";"CN";"I";"131.47265624"
"2012-07";"N";"DE";"I";"126.11271843"
"2012-07";"N";"GB";"I";"161.86112756"
"2012-07";"N";"US";"I";"172.41191915"
"2012-07";"K";"CN";"I";"106.54330189"
"2012-07";"K";"DE";"I";"113.13910719"
"2012-07";"K";"GB";"I";"134.1497844"
"2012-07";"K";"US";"I";"142.14420039"
"2012-08";"N";"CN";"I";"133.04861254"
"2012-08";"N";"DE";"I";"126.1008681"
"2012-08";"N";"GB";"I";"161.92031702"
"2012-08";"N";"US";"I";"173.84691089"
"2012-08";"K";"CN";"I";"107.37060626"
"2012-08";"K";"DE";"I";"112.73800275"
"2012-08";"K";"GB";"I";"134.02518885"
"2012-08";"K";"US";"I";"142.52867289"
"2012-09";"N";"CN";"I";"137.08837919"
"2012-09";"N";"DE";"I";"125.29304948"
"2012-09";"N";"GB";"I";"162.61876234"
"2012-09";"N";"US";"I";"179.03427234"
"2012-09";"K";"CN";"I";"110.70180433"
"2012-09";"K";"DE";"I";"111.86162391"
"2012-09";"K";"GB";"I";"134.33222928"
"2012-09";"K";"US";"I";"146.2495491"
"2012-10";"N";"CN";"I";"137.72089217"
"2012-10";"N";"DE";"I";"125.19767215"
"2012-10";"N";"GB";"I";"164.20429539"
"2012-10";"N";"US";"I";"180.50674655"
"2012-10";"K";"CN";"I";"111.18519922"
"2012-10";"K";"DE";"I";"111.59993698"
"2012-10";"K";"GB";"I";"135.07727402"
"2012-10";"K";"US";"I";"147.14518395"
"2012-11";"N";"CN";"I";"136.21876192"
"2012-11";"N";"DE";"I";"125.67549245"
"2012-11";"N";"GB";"I";"164.25865227"
"2012-11";"N";"US";"I";"179.27141587"
"2012-11";"K";"CN";"I";"109.27872583"
"2012-11";"K";"DE";"I";"111.54803877"
"2012-11";"K";"GB";"I";"134.44319185"
"2012-11";"K";"US";"I";"145.91523232"
"2012-12";"N";"CN";"I";"138.77339283"
"2012-12";"N";"DE";"I";"125.27268526"
"2012-12";"N";"GB";"I";"165.58104847"
"2012-12";"N";"US";"I";"182.71051217"
"2012-12";"K";"CN";"I";"110.81685646"
"2012-12";"K";"DE";"I";"111.01673608"
"2012-12";"K";"GB";"I";"135.26157618"
"2012-12";"K";"US";"I";"148.5211398"
"2013-01";"N";"CN";"I";"138.1589984"
"2013-01";"N";"DE";"I";"123.34321934"
"2013-01";"N";"GB";"I";"166.80910896"
"2013-01";"N";"US";"I";"182.21640279"
"2013-01";"K";"CN";"I";"110.07775651"
"2013-01";"K";"DE";"I";"109.27995255"
"2013-01";"K";"GB";"I";"136.02794077"
"2013-01";"K";"US";"I";"148.01806068"
"2013-02";"N";"CN";"I";"138.55987436"
"2013-02";"N";"DE";"I";"123.16683783"
"2013-02";"N";"GB";"I";"172.89750082"
"2013-02";"N";"US";"I";"182.98589683"
"2013-02";"K";"CN";"I";"110.06897093"
"2013-02";"K";"DE";"I";"109.00731703"
"2013-02";"K";"GB";"I";"140.77800269"
"2013-02";"K";"US";"I";"147.81065066"
"2013-03";"N";"CN";"I";"134.68465909"
"2013-03";"N";"DE";"I";"123.50506539"
"2013-03";"N";"GB";"I";"172.61912708"
"2013-03";"N";"US";"I";"177.98426513"
"2013-03";"K";"CN";"I";"107.13549782"
"2013-03";"K";"DE";"I";"109.17575381"
"2013-03";"K";"GB";"I";"140.22668868"
"2013-03";"K";"US";"I";"144.11754981"
"2013-04";"N";"CN";"I";"135.46988528"
"2013-04";"N";"DE";"I";"124.1751247"
"2013-04";"N";"GB";"I";"171.70385377"
"2013-04";"N";"US";"I";"179.56426919"
"2013-04";"K";"CN";"I";"107.00693552"
"2013-04";"K";"DE";"I";"109.86971344"
"2013-04";"K";"GB";"I";"139.14040063"
"2013-04";"K";"US";"I";"145.28387511"
"2013-05";"N";"CN";"I";"131.71287647"
"2013-05";"N";"DE";"I";"122.09193093"
"2013-05";"N";"GB";"I";"168.59556585"
"2013-05";"N";"US";"I";"176.30832279"
"2013-05";"K";"CN";"I";"104.12753556"
"2013-05";"K";"DE";"I";"107.52655365"
"2013-05";"K";"GB";"I";"136.31157068"
"2013-05";"K";"US";"I";"142.59842959"
"2013-06";"N";"CN";"I";"134.35525969"
"2013-06";"N";"DE";"I";"122.88052831"
"2013-06";"N";"GB";"I";"170.32425665"
"2013-06";"N";"US";"I";"180.21753767"
"2013-06";"K";"CN";"I";"106.02645849"
"2013-06";"K";"DE";"I";"108.31758021"
"2013-06";"K";"GB";"I";"137.97223692"
"2013-06";"K";"US";"I";"145.65905856"
"2013-07";"N";"CN";"I";"132.70215834"
"2013-07";"N";"DE";"I";"122.50086051"
"2013-07";"N";"GB";"I";"171.66824008"
"2013-07";"N";"US";"I";"178.14282342"
"2013-07";"K";"CN";"I";"104.72133669"
"2013-07";"K";"DE";"I";"107.84584082"
"2013-07";"K";"GB";"I";"138.88684574"
"2013-07";"K";"US";"I";"143.95639701"
"2013-08";"N";"CN";"I";"135.40463735"
"2013-08";"N";"DE";"I";"122.80214368"
"2013-08";"N";"GB";"I";"171.61142119"
"2013-08";"N";"US";"I";"181.75274506"
"2013-08";"K";"CN";"I";"106.49704992"
"2013-08";"K";"DE";"I";"108.08276256"
"2013-08";"K";"GB";"I";"138.59630366"
"2013-08";"K";"US";"I";"146.61027465"
"2013-09";"N";"CN";"I";"135.46589708"
"2013-09";"N";"DE";"I";"122.76017724"
"2013-09";"N";"GB";"I";"168.11500476"
"2013-09";"N";"US";"I";"182.15330723"
"2013-09";"K";"CN";"I";"106.14282017"
"2013-09";"K";"DE";"I";"108.01315204"
"2013-09";"K";"GB";"I";"135.52871953"
"2013-09";"K";"US";"I";"146.89626988"
"2013-10";"N";"CN";"I";"138.18269297"
"2013-10";"N";"DE";"I";"122.99996284"
"2013-10";"N";"GB";"I";"169.49637503"
"2013-10";"N";"US";"I";"186.52824595"
"2013-10";"K";"CN";"I";"107.81544206"
"2013-10";"K";"DE";"I";"108.08697664"
"2013-10";"K";"GB";"I";"136.31194454"
"2013-10";"K";"US";"I";"150.23293393"
"2013-11";"N";"CN";"I";"136.57419411"
"2013-11";"N";"DE";"I";"122.94857644"
"2013-11";"N";"GB";"I";"167.660042"
"2013-11";"N";"US";"I";"184.46145098"
"2013-11";"K";"CN";"I";"106.56200583"
"2013-11";"K";"DE";"I";"107.8037562"
"2013-11";"K";"GB";"I";"134.92513628"
"2013-11";"K";"US";"I";"148.4828293"
"2013-12";"N";"CN";"I";"139.12378083"
"2013-12";"N";"DE";"I";"123.64971884"
"2013-12";"N";"GB";"I";"168.08257804"
"2013-12";"N";"US";"I";"188.30898592"
"2013-12";"K";"CN";"I";"108.46755931"
"2013-12";"K";"DE";"I";"108.10535348"
"2013-12";"K";"GB";"I";"134.8155743"
"2013-12";"K";"US";"I";"150.9685105"
"2014-01";"N";"CN";"I";"137.26861876"
"2014-01";"N";"DE";"I";"123.01610323"
"2014-01";"N";"GB";"I";"165.50612217"
"2014-01";"N";"US";"I";"186.36308536"
"2014-01";"K";"CN";"I";"106.75646608"
"2014-01";"K";"DE";"I";"107.52221643"
"2014-01";"K";"GB";"I";"132.68140682"
"2014-01";"K";"US";"I";"149.1539999"
"2014-02";"N";"CN";"I";"138.95312541"
"2014-02";"N";"DE";"I";"124.01396548"
"2014-02";"N";"GB";"I";"166.43124257"
"2014-02";"N";"US";"I";"188.29816948"
"2014-02";"K";"CN";"I";"108.16079239"
"2014-02";"K";"DE";"I";"108.17591302"
"2014-02";"K";"GB";"I";"133.13383931"
"2014-02";"K";"US";"I";"150.24375657"
"2014-03";"N";"CN";"I";"141.62979437"
"2014-03";"N";"DE";"I";"124.38069307"
"2014-03";"N";"GB";"I";"168.19809011"
"2014-03";"N";"US";"I";"191.09991785"
"2014-03";"K";"CN";"I";"110.05400926"
"2014-03";"K";"DE";"I";"108.6917978"
"2014-03";"K";"GB";"I";"134.51901327"
"2014-03";"K";"US";"I";"152.34252181"
"2014-04";"N";"CN";"I";"141.65670299"
"2014-04";"N";"DE";"I";"124.24213381"
"2014-04";"N";"GB";"I";"166.67494131"
"2014-04";"N";"US";"I";"190.78108266"
"2014-04";"K";"CN";"I";"110.06917009"
"2014-04";"K";"DE";"I";"108.54621636"
"2014-04";"K";"GB";"I";"132.94021414"
"2014-04";"K";"US";"I";"151.48946331"
"2014-05";"N";"CN";"I";"140.88564062"
"2014-05";"N";"DE";"I";"124.1054757"
"2014-05";"N";"GB";"I";"164.61639468"
"2014-05";"N";"US";"I";"189.6247804"
"2014-05";"K";"CN";"I";"108.99672703"
"2014-05";"K";"DE";"I";"108.69339082"
"2014-05";"K";"GB";"I";"131.54433239"
"2014-05";"K";"US";"I";"150.54762413"
"2014-06";"N";"CN";"I";"139.63856644"
"2014-06";"N";"DE";"I";"124.33980152"
"2014-06";"N";"GB";"I";"162.62850137"
"2014-06";"N";"US";"I";"187.91805065"
"2014-06";"K";"CN";"I";"107.76817061"
"2014-06";"K";"DE";"I";"108.56539246"
"2014-06";"K";"GB";"I";"129.40022124"
"2014-06";"K";"US";"I";"148.91086817"
"2014-07";"N";"CN";"I";"139.33174688"
"2014-07";"N";"DE";"I";"124.66577745"
"2014-07";"N";"GB";"I";"160.83097521"
"2014-07";"N";"US";"I";"187.72537143"
"2014-07";"K";"CN";"I";"107.5747051"
"2014-07";"K";"DE";"I";"108.89272265"
"2014-07";"K";"GB";"I";"128.04797132"
"2014-07";"K";"US";"I";"148.68923993"
"2014-08";"N";"CN";"I";"137.56714233"
"2014-08";"N";"DE";"I";"124.98290053"
"2014-08";"N";"GB";"I";"162.04926276"
"2014-08";"N";"US";"I";"185.07356443"
"2014-08";"K";"CN";"I";"106.19952221"
"2014-08";"K";"DE";"I";"109.16810443"
"2014-08";"K";"GB";"I";"128.95749592"
"2014-08";"K";"US";"I";"146.80475033"
"2014-09";"N";"CN";"I";"133.52505104"
"2014-09";"N";"DE";"I";"125.4173787"
"2014-09";"N";"GB";"I";"161.48492729"
"2014-09";"N";"US";"I";"180.01453239"
"2014-09";"K";"CN";"I";"102.91463674"
"2014-09";"K";"DE";"I";"109.37744271"
"2014-09";"K";"GB";"I";"128.39000507"
"2014-09";"K";"US";"I";"142.62145737"
"2014-10";"N";"CN";"I";"131.0612641"
"2014-10";"N";"DE";"I";"125.40834767"
"2014-10";"N";"GB";"I";"160.92050797"
"2014-10";"N";"US";"I";"176.75573232"
"2014-10";"K";"CN";"I";"100.7587083"
"2014-10";"K";"DE";"I";"109.45132287"
"2014-10";"K";"GB";"I";"127.7539161"
"2014-10";"K";"US";"I";"140.01825075"
"2014-11";"N";"CN";"I";"129.43800714"
"2014-11";"N";"DE";"I";"125.9440733"
"2014-11";"N";"GB";"I";"161.86330302"
"2014-11";"N";"US";"I";"174.5620349"
"2014-11";"K";"CN";"I";"99.70041659"
"2014-11";"K";"DE";"I";"109.73152186"
"2014-11";"K";"GB";"I";"128.8211332"
"2014-11";"K";"US";"I";"138.66194551"
"2014-12";"N";"CN";"I";"127.37918389"
"2014-12";"N";"DE";"I";"125.96887947"
"2014-12";"N";"GB";"I";"161.46578669"
"2014-12";"N";"US";"I";"172.53796268"
"2014-12";"K";"CN";"I";"97.63665125"
"2014-12";"K";"DE";"I";"109.57390886"
"2014-12";"K";"GB";"I";"128.23019614"
"2014-12";"K";"US";"I";"136.91781718"
"2015-01";"N";"CN";"I";"131.78934387"
"2015-01";"N";"DE";"I";"137.90602308"
"2015-01";"N";"GB";"I";"172.9769683"
"2015-01";"N";"US";"I";"178.71356572"
"2015-01";"K";"CN";"I";"101.26782283"
"2015-01";"K";"DE";"I";"120.19843362"
"2015-01";"K";"GB";"I";"137.27937565"
"2015-01";"K";"US";"I";"142.53678927"
"2015-02";"N";"CN";"I";"133.16779468"
"2015-02";"N";"DE";"I";"142.58272444"
"2015-02";"N";"GB";"I";"171.92969862"
"2015-02";"N";"US";"I";"180.03544233"
"2015-02";"K";"CN";"I";"101.37467554"
"2015-02";"K";"DE";"I";"123.27139191"
"2015-02";"K";"GB";"I";"135.80461533"
"2015-02";"K";"US";"I";"142.55235183"
"2015-03";"N";"CN";"I";"127.48093282"
"2015-03";"N";"DE";"I";"142.77605452"
"2015-03";"N";"GB";"I";"167.81920894"
"2015-03";"N";"US";"I";"171.84723732"
"2015-03";"K";"CN";"I";"96.86144914"
"2015-03";"K";"DE";"I";"123.31608586"
"2015-03";"K";"GB";"I";"132.58100188"
"2015-03";"K";"US";"I";"135.79469567"
"2015-04";"N";"CN";"I";"129.80011408"
"2015-04";"N";"DE";"I";"145.8974773"
"2015-04";"N";"GB";"I";"171.51365981"
"2015-04";"N";"US";"I";"175.01282937"
"2015-04";"K";"CN";"I";"98.19373017"
"2015-04";"K";"DE";"I";"124.97223081"
"2015-04";"K";"GB";"I";"134.83166214"
"2015-04";"K";"US";"I";"137.69365655"
"2015-05";"N";"CN";"I";"133.23372365"
"2015-05";"N";"DE";"I";"145.66617403"
"2015-05";"N";"GB";"I";"171.05854888"
"2015-05";"N";"US";"I";"180.74732914"
"2015-05";"K";"CN";"I";"100.61429661"
"2015-05";"K";"DE";"I";"124.68540268"
"2015-05";"K";"GB";"I";"134.3962273"
"2015-05";"K";"US";"I";"141.8482672"
"2015-06";"N";"CN";"I";"133.32432856"
"2015-06";"N";"DE";"I";"144.97012338"
"2015-06";"N";"GB";"I";"169.94743307"
"2015-06";"N";"US";"I";"180.69241432"
"2015-06";"K";"CN";"I";"100.4760226"
"2015-06";"K";"DE";"I";"124.2338494"
"2015-06";"K";"GB";"I";"133.42094346"
"2015-06";"K";"US";"I";"141.52797935"
"2015-07";"N";"CN";"I";"130.21583478"
"2015-07";"N";"DE";"I";"144.41645277"
"2015-07";"N";"GB";"I";"166.1248557"
"2015-07";"N";"US";"I";"176.68234989"
"2015-07";"K";"CN";"I";"97.51743804"
"2015-07";"K";"DE";"I";"123.58664546"
"2015-07";"K";"GB";"I";"130.04265271"
"2015-07";"K";"US";"I";"137.83538876"
"2015-08";"N";"CN";"I";"132.2012945"
"2015-08";"N";"DE";"I";"140.48443803"
"2015-08";"N";"GB";"I";"163.11720171"
"2015-08";"N";"US";"I";"173.92219649"
"2015-08";"K";"CN";"I";"98.57916446"
"2015-08";"K";"DE";"I";"120.03645285"
"2015-08";"K";"GB";"I";"127.46063851"
"2015-08";"K";"US";"I";"135.6599028"
"2015-09";"N";"CN";"I";"133.06674571"
"2015-09";"N";"DE";"I";"138.73138403"
"2015-09";"N";"GB";"I";"165.1229792"
"2015-09";"N";"US";"I";"173.30079006"
"2015-09";"K";"CN";"I";"99.51558035"
"2015-09";"K";"DE";"I";"118.60822775"
"2015-09";"K";"GB";"I";"129.1599366"
"2015-09";"K";"US";"I";"135.33495247"
"2015-10";"N";"CN";"I";"133.22975257"
"2015-10";"N";"DE";"I";"139.22794647"
"2015-10";"N";"GB";"I";"165.91767819"
"2015-10";"N";"US";"I";"173.9224298"
"2015-10";"K";"CN";"I";"99.88599955"
"2015-10";"K";"DE";"I";"118.92371346"
"2015-10";"K";"GB";"I";"129.68710466"
"2015-10";"K";"US";"I";"135.69987198"
"2015-11";"N";"CN";"I";"128.04668345"
"2015-11";"N";"DE";"I";"139.85380746"
"2015-11";"N";"GB";"I";"160.6657018"
"2015-11";"N";"US";"I";"166.92678459"
"2015-11";"K";"CN";"I";"95.88661848"
"2015-11";"K";"DE";"I";"119.91814528"
"2015-11";"K";"GB";"I";"125.64975619"
"2015-11";"K";"US";"I";"130.17302581"
"2015-12";"N";"CN";"I";"131.72215791"
"2015-12";"N";"DE";"I";"139.85574223"
"2015-12";"N";"GB";"I";"165.048574"
"2015-12";"N";"US";"I";"169.09291379"
"2015-12";"K";"CN";"I";"98.12254772"
"2015-12";"K";"DE";"I";"119.8582487"
"2015-12";"K";"GB";"I";"128.77314788"
"2015-12";"K";"US";"I";"131.56452501"
"2016-01";"N";"CN";"I";"132.07566443"
"2016-01";"N";"DE";"I";"138.55033694"
"2016-01";"N";"GB";"I";"169.88000473"
"2016-01";"N";"US";"I";"167.47389111"
"2016-01";"K";"CN";"I";"98.38822113"
"2016-01";"K";"DE";"I";"118.5473295"
"2016-01";"K";"GB";"I";"132.1616112"
"2016-01";"K";"US";"I";"130.16457902"
"2016-02";"N";"CN";"I";"133.79480538"
"2016-02";"N";"DE";"I";"137.46703408"
"2016-02";"N";"GB";"I";"173.30731348"
"2016-02";"N";"US";"I";"169.56031784"
"2016-02";"K";"CN";"I";"98.85708364"
"2016-02";"K";"DE";"I";"117.63889385"
"2016-02";"K";"GB";"I";"134.9120727"
"2016-02";"K";"US";"I";"131.86875639"
"2016-03";"N";"CN";"I";"134.75939596"
"2016-03";"N";"DE";"I";"138.68621231"
"2016-03";"N";"GB";"I";"176.27213789"
"2016-03";"N";"US";"I";"171.24024883"
"2016-03";"K";"CN";"I";"99.17082527"
"2016-03";"K";"DE";"I";"118.25572189"
"2016-03";"K";"GB";"I";"136.88213752"
"2016-03";"K";"US";"I";"132.93372632"
"2016-04";"N";"CN";"I";"136.54840692"
"2016-04";"N";"DE";"I";"138.55978052"
"2016-04";"N";"GB";"I";"178.63975412"
"2016-04";"N";"US";"I";"174.67396458"
"2016-04";"K";"CN";"I";"100.5541424"
"2016-04";"K";"DE";"I";"118.4338326"
"2016-04";"K";"GB";"I";"138.94046817"
"2016-04";"K";"US";"I";"135.42299787"
"2016-05";"N";"CN";"I";"135.59481125"
"2016-05";"N";"DE";"I";"137.02757719"
"2016-05";"N";"GB";"I";"173.47085757"
"2016-05";"N";"US";"I";"172.30285352"
"2016-05";"K";"CN";"I";"99.79853402"
"2016-05";"K";"DE";"I";"116.59201331"
"2016-05";"K";"GB";"I";"134.73509707"
"2016-05";"K";"US";"I";"133.23232569"
"2016-06";"N";"CN";"I";"138.02404243"
"2016-06";"N";"DE";"I";"138.93955351"
"2016-06";"N";"GB";"I";"178.5082566"
"2016-06";"N";"US";"I";"173.58990082"
"2016-06";"K";"CN";"I";"101.64628824"
"2016-06";"K";"DE";"I";"118.31173814"
"2016-06";"K";"GB";"I";"138.35908928"
"2016-06";"K";"US";"I";"134.06479231"
"2016-07";"N";"CN";"I";"138.12648508"
"2016-07";"N";"DE";"I";"139.38394028"
"2016-07";"N";"GB";"I";"190.70800538"
"2016-07";"N";"US";"I";"171.44796622"
"2016-07";"K";"CN";"I";"101.4610566"
"2016-07";"K";"DE";"I";"118.48047343"
"2016-07";"K";"GB";"I";"147.66271806"
"2016-07";"K";"US";"I";"132.30806731"
"2016-08";"N";"CN";"I";"139.05686621"
"2016-08";"N";"DE";"I";"139.27069987"
"2016-08";"N";"GB";"I";"193.53975271"
"2016-08";"N";"US";"I";"173.52675658"
"2016-08";"K";"CN";"I";"102.18852353"
"2016-08";"K";"DE";"I";"118.35114931"
"2016-08";"K";"GB";"I";"149.68358062"
"2016-08";"K";"US";"I";"133.66043611"
"2016-09";"N";"CN";"I";"139.21217061"
"2016-09";"N";"DE";"I";"138.67605272"
"2016-09";"N";"GB";"I";"192.15294962"
"2016-09";"N";"US";"I";"172.81972911"
"2016-09";"K";"CN";"I";"102.02315143"
"2016-09";"K";"DE";"I";"117.68802517"
"2016-09";"K";"GB";"I";"148.15579187"
"2016-09";"K";"US";"I";"132.73391444"
"2016-10";"N";"CN";"I";"138.44558947"
"2016-10";"N";"DE";"I";"139.18353374"
"2016-10";"N";"GB";"I";"202.15992091"
"2016-10";"N";"US";"I";"170.64043974"
"2016-10";"K";"CN";"I";"101.44898764"
"2016-10";"K";"DE";"I";"117.79034264"
"2016-10";"K";"GB";"I";"155.66270121"
"2016-10";"K";"US";"I";"130.74738782"
"2016-11";"N";"CN";"I";"139.37364145"
"2016-11";"N";"DE";"I";"140.77640641"
"2016-11";"N";"GB";"I";"199.08256303"
"2016-11";"N";"US";"I";"169.08150442"
"2016-11";"K";"CN";"I";"101.80418495"
"2016-11";"K";"DE";"I";"119.31112454"
"2016-11";"K";"GB";"I";"152.96503841"
"2016-11";"K";"US";"I";"129.31725665"
"2016-12";"N";"CN";"I";"137.85420205"
"2016-12";"N";"DE";"I";"140.84856244"
"2016-12";"N";"GB";"I";"193.67191811"
"2016-12";"N";"US";"I";"165.19675735"
"2016-12";"K";"CN";"I";"100.72142024"
"2016-12";"K";"DE";"I";"118.90014336"
"2016-12";"K";"GB";"I";"148.46792053"
"2016-12";"K";"US";"I";"126.00651436"
"2017-01";"N";"CN";"I";"138.84548141"
"2017-01";"N";"DE";"I";"141.38857933"
"2017-01";"N";"GB";"I";"198.04077158"
"2017-01";"N";"US";"I";"166.93806856"
"2017-01";"K";"CN";"I";"101.17742784"
"2017-01";"K";"DE";"I";"119.42125432"
"2017-01";"K";"GB";"I";"151.71652617"
"2017-01";"K";"US";"I";"127.09650113"
"2017-02";"N";"CN";"I";"139.33141454"
"2017-02";"N";"DE";"I";"142.09741549"
"2017-02";"N";"GB";"I";"196.92599701"
"2017-02";"N";"US";"I";"168.08741595"
"2017-02";"K";"CN";"I";"102.80885917"
"2017-02";"K";"DE";"I";"120.0147938"
"2017-02";"K";"GB";"I";"150.78015814"
"2017-02";"K";"US";"I";"128.11622925"
"2017-03";"N";"CN";"I";"139.75885856"
"2017-03";"N";"DE";"I";"141.47086367"
"2017-03";"N";"GB";"I";"199.22575324"
"2017-03";"N";"US";"I";"168.02108964"
"2017-03";"K";"CN";"I";"102.4008864"
"2017-03";"K";"DE";"I";"119.55981643"
"2017-03";"K";"GB";"I";"152.02814484"
"2017-03";"K";"US";"I";"128.08004841"
"2017-04";"N";"CN";"I";"139.75068769"
"2017-04";"N";"DE";"I";"141.247332"
"2017-04";"N";"GB";"I";"194.92671667"
"2017-04";"N";"US";"I";"168.24108993"
"2017-04";"K";"CN";"I";"102.08831478"
"2017-04";"K";"DE";"I";"119.28385544"
"2017-04";"K";"GB";"I";"148.39825577"
"2017-04";"K";"US";"I";"128.17329209"
"2017-05";"N";"CN";"I";"141.7607919"
"2017-05";"N";"DE";"I";"138.99139773"
"2017-05";"N";"GB";"I";"193.14586294"
"2017-05";"N";"US";"I";"170.6471711"
"2017-05";"K";"CN";"I";"103.06112152"
"2017-05";"K";"DE";"I";"117.48740027"
"2017-05";"K";"GB";"I";"146.78631881"
"2017-05";"K";"US";"I";"130.07748537"
"2017-06";"N";"CN";"I";"142.76835163"
"2017-06";"N";"DE";"I";"139.28144183"
"2017-06";"N";"GB";"I";"198.82108896"
"2017-06";"N";"US";"I";"173.90691609"
"2017-06";"K";"CN";"I";"103.55561549"
"2017-06";"K";"DE";"I";"117.26022244"
"2017-06";"K";"GB";"I";"150.69517543"
"2017-06";"K";"US";"I";"132.33950634"
"2017-07";"N";"CN";"I";"143.09798976"
"2017-07";"N";"DE";"I";"137.02574041"
"2017-07";"N";"GB";"I";"197.46726724"
"2017-07";"N";"US";"I";"175.26877989"
"2017-07";"K";"CN";"I";"103.97072071"
"2017-07";"K";"DE";"I";"115.24543575"
"2017-07";"K";"GB";"I";"149.55277129"
"2017-07";"K";"US";"I";"133.34557864"
"2017-08";"N";"CN";"I";"140.45235397"
"2017-08";"N";"DE";"I";"132.90464501"
"2017-08";"N";"GB";"I";"196.86998952"
"2017-08";"N";"US";"I";"174.52458958"
"2017-08";"K";"CN";"I";"101.86339407"
"2017-08";"K";"DE";"I";"111.63881661"
"2017-08";"K";"GB";"I";"148.82692347"
"2017-08";"K";"US";"I";"132.41344028"
"2017-09";"N";"CN";"I";"138.52469661"
"2017-09";"N";"DE";"I";"132.07159505"
"2017-09";"N";"GB";"I";"192.49560908"
"2017-09";"N";"US";"I";"174.99727801"
"2017-09";"K";"CN";"I";"100.54401434"
"2017-09";"K";"DE";"I";"110.94943391"
"2017-09";"K";"GB";"I";"145.42613099"
"2017-09";"K";"US";"I";"132.31497021"
"2017-10";"N";"CN";"I";"136.97092744"
"2017-10";"N";"DE";"I";"131.23097514"
"2017-10";"N";"GB";"I";"190.10052317"
"2017-10";"N";"US";"I";"171.51385308"
"2017-10";"K";"CN";"I";"99.27516618"
"2017-10";"K";"DE";"I";"110.42382732"
"2017-10";"K";"GB";"I";"143.40124099"
"2017-10";"K";"US";"I";"129.67933639"
"2017-11";"N";"CN";"I";"135.66600691"
"2017-11";"N";"DE";"I";"130.08967067"
"2017-11";"N";"GB";"I";"187.81509257"
"2017-11";"N";"US";"I";"169.75249966"
"2017-11";"K";"CN";"I";"98.2816968"
"2017-11";"K";"DE";"I";"109.36124489"
"2017-11";"K";"GB";"I";"141.48424524"
"2017-11";"K";"US";"I";"128.11886221"
"2017-12";"N";"CN";"I";"135.71105966"
"2017-12";"N";"DE";"I";"129.57247116"
"2017-12";"N";"GB";"I";"186.09432334"
"2017-12";"N";"US";"I";"170.62150163"
"2017-12";"K";"CN";"I";"98.21639728"
"2017-12";"K";"DE";"I";"108.79027012"
"2017-12";"K";"GB";"I";"140.04449972"
"2017-12";"K";"US";"I";"128.61963005"
"2018-01";"N";"CN";"I";"136.15003211"
"2018-01";"N";"DE";"I";"129.19561764"
"2018-01";"N";"GB";"I";"185.6615272"
"2018-01";"N";"US";"I";"175.01595708"
"2018-01";"K";"CN";"I";"98.51384696"
"2018-01";"K";"DE";"I";"108.4029722"
"2018-01";"K";"GB";"I";"139.5731344"
"2018-01";"K";"US";"I";"131.53525698"
"2018-02";"N";"CN";"I";"137.40683687"
"2018-02";"N";"DE";"I";"131.20490132"
"2018-02";"N";"GB";"I";"188.50443781"
"2018-02";"N";"US";"I";"180.26770261"
"2018-02";"K";"CN";"I";"99.11661979"
"2018-02";"K";"DE";"I";"110.31651305"
"2018-02";"K";"GB";"I";"141.72116574"
"2018-02";"K";"US";"I";"135.29427045"
"2018-03";"N";"CN";"I";"135.47891824"
"2018-03";"N";"DE";"I";"129.65802506"
"2018-03";"N";"GB";"I";"186.21398874"
"2018-03";"N";"US";"I";"177.78551774"
"2018-03";"K";"CN";"I";"98.02165132"
"2018-03";"K";"DE";"I";"108.82020414"
"2018-03";"K";"GB";"I";"139.88510383"
"2018-03";"K";"US";"I";"133.4269935"
"2018-04";"N";"CN";"I";"132.20222841"
"2018-04";"N";"DE";"I";"127.47717029"
"2018-04";"N";"GB";"I";"180.88978873"
"2018-04";"N";"US";"I";"174.0317651"
"2018-04";"K";"CN";"I";"95.54528924"
"2018-04";"K";"DE";"I";"107.22392247"
"2018-04";"K";"GB";"I";"135.78240447"
"2018-04";"K";"US";"I";"130.42973513"
"2018-05";"N";"CN";"I";"129.85711653"
"2018-05";"N";"DE";"I";"128.38776089"
"2018-05";"N";"GB";"I";"183.31396661"
"2018-05";"N";"US";"I";"168.84962418"
"2018-05";"K";"CN";"I";"93.86751734"
"2018-05";"K";"DE";"I";"107.42444805"
"2018-05";"K";"GB";"I";"137.52758006"
"2018-05";"K";"US";"I";"126.38054151"
"2018-06";"N";"CN";"I";"132.75216801"
"2018-06";"N";"DE";"I";"131.07736699"
"2018-06";"N";"GB";"I";"187.32957447"
"2018-06";"N";"US";"I";"170.15841852"
"2018-06";"K";"CN";"I";"95.69069053"
"2018-06";"K";"DE";"I";"109.61312638"
"2018-06";"K";"GB";"I";"140.40499752"
"2018-06";"K";"US";"I";"127.27673912"
"2018-07";"N";"CN";"I";"137.21670539"
"2018-07";"N";"DE";"I";"130.35742067"
"2018-07";"N";"GB";"I";"188.05753806"
"2018-07";"N";"US";"I";"169.29787335"
"2018-07";"K";"CN";"I";"98.77373243"
"2018-07";"K";"DE";"I";"108.92125784"
"2018-07";"K";"GB";"I";"140.91334787"
"2018-07";"K";"US";"I";"126.64950802"
"2018-08";"N";"CN";"I";"140.80943378"
"2018-08";"N";"DE";"I";"132.70858102"
"2018-08";"N";"GB";"I";"193.52983631"
"2018-08";"N";"US";"I";"170.3012302"
"2018-08";"K";"CN";"I";"100.95708561"
"2018-08";"K";"DE";"I";"110.64456654"
"2018-08";"K";"GB";"I";"144.51520378"
"2018-08";"K";"US";"I";"127.25435814"
"2018-09";"N";"CN";"I";"143.92403274"
"2018-09";"N";"DE";"I";"134.18417"
"2018-09";"N";"GB";"I";"195.0046423"
"2018-09";"N";"US";"I";"173.96506589"
"2018-09";"K";"CN";"I";"103.03064132"
"2018-09";"K";"DE";"I";"111.62677763"
"2018-09";"K";"GB";"I";"145.58515113"
"2018-09";"K";"US";"I";"129.85991509"
"2018-10";"N";"CN";"I";"141.56315436"
"2018-10";"N";"DE";"I";"132.72143616"
"2018-10";"N";"GB";"I";"190.52703285"
"2018-10";"N";"US";"I";"169.48363881"
"2018-10";"K";"CN";"I";"101.29940954"
"2018-10";"K";"DE";"I";"110.32721866"
"2018-10";"K";"GB";"I";"142.21482192"
"2018-10";"K";"US";"I";"126.4012753"
"2018-11";"N";"CN";"I";"140.85758702"
"2018-11";"N";"DE";"I";"133.15922851"
"2018-11";"N";"GB";"I";"190.88191503"
"2018-11";"N";"US";"I";"168.20930914"
"2018-11";"K";"CN";"I";"100.96497778"
"2018-11";"K";"DE";"I";"110.70060511"
"2018-11";"K";"GB";"I";"142.19045031"
"2018-11";"K";"US";"I";"125.4611759"
"2018-12";"N";"CN";"I";"140.97905342"
"2018-12";"N";"DE";"I";"134.13254155"
"2018-12";"N";"GB";"I";"195.92659925"
"2018-12";"N";"US";"I";"169.75079572"
"2018-12";"K";"CN";"I";"100.83760985"
"2018-12";"K";"DE";"I";"111.64058282"
"2018-12";"K";"GB";"I";"145.56095204"
"2018-12";"K";"US";"I";"126.49933134"
"2019-01";"N";"CN";"I";"139.54795115"
"2019-01";"N";"DE";"I";"134.15188042"
"2019-01";"N";"GB";"I";"193.45714706"
"2019-01";"N";"US";"I";"170.32070364"
"2019-01";"K";"CN";"I";"99.82794007"
"2019-01";"K";"DE";"I";"111.6942007"
"2019-01";"K";"GB";"I";"143.62557027"
"2019-01";"K";"US";"I";"126.74548347"
"2019-02";"N";"CN";"I";"136.71906007"
"2019-02";"N";"DE";"I";"133.26286247"
"2019-02";"N";"GB";"I";"189.21755657"
"2019-02";"N";"US";"I";"168.12182123"
"2019-02";"K";"CN";"I";"97.65440279"
"2019-02";"K";"DE";"I";"111.09822814"
"2019-02";"K";"GB";"I";"140.44619704"
"2019-02";"K";"US";"I";"124.98075654"
"2019-03";"N";"CN";"I";"136.28031314"
"2019-03";"N";"DE";"I";"133.86975955"
"2019-03";"N";"GB";"I";"186.86739155"
"2019-03";"N";"US";"I";"168.28288597"
"2019-03";"K";"CN";"I";"97.07656867"
"2019-03";"K";"DE";"I";"111.8183691"
"2019-03";"K";"GB";"I";"138.81509867"
"2019-03";"K";"US";"I";"124.89064214"
"2019-04";"N";"CN";"I";"135.48293009"
"2019-04";"N";"DE";"I";"133.760354"
"2019-04";"N";"GB";"I";"187.6005426"
"2019-04";"N";"US";"I";"167.17161265"
"2019-04";"K";"CN";"I";"96.13018341"
"2019-04";"K";"DE";"I";"111.14492095"
"2019-04";"K";"GB";"I";"139.07146644"
"2019-04";"K";"US";"I";"123.70812696"
"2019-05";"N";"CN";"I";"137.74245134"
"2019-05";"N";"DE";"I";"133.91586623"
"2019-05";"N";"GB";"I";"189.59934639"
"2019-05";"N";"US";"I";"166.54344917"
"2019-05";"K";"CN";"I";"97.486184"
"2019-05";"K";"DE";"I";"111.19160711"
"2019-05";"K";"GB";"I";"140.54381752"
"2019-05";"K";"US";"I";"123.19516192"
"2019-06";"N";"CN";"I";"141.75013447"
"2019-06";"N";"DE";"I";"135.64607858"
"2019-06";"N";"GB";"I";"196.53321495"
"2019-06";"N";"US";"I";"170.25956451"
"2019-06";"K";"CN";"I";"100.10474671"
"2019-06";"K";"DE";"I";"112.28386602"
"2019-06";"K";"GB";"I";"145.52263134"
"2019-06";"K";"US";"I";"126.03898608"
"2019-07";"N";"CN";"I";"141.51866401"
"2019-07";"N";"DE";"I";"136.70218287"
"2019-07";"N";"GB";"I";"200.01346534"
"2019-07";"N";"US";"I";"170.53745867"
"2019-07";"K";"CN";"I";"99.44546333"
"2019-07";"K";"DE";"I";"112.51238109"
"2019-07";"K";"GB";"I";"147.4102484"
"2019-07";"K";"US";"I";"125.73565495"
"2019-08";"N";"CN";"I";"146.5450553"
"2019-08";"N";"DE";"I";"138.97808801"
"2019-08";"N";"GB";"I";"207.08864989"
"2019-08";"N";"US";"I";"171.8902976"
"2019-08";"K";"CN";"I";"102.45986574"
"2019-08";"K";"DE";"I";"114.44898662"
"2019-08";"K";"GB";"I";"152.45527162"
"2019-08";"K";"US";"I";"126.58751542"
"2019-09";"N";"CN";"I";"146.00398187"
"2019-09";"N";"DE";"I";"138.88756042"
"2019-09";"N";"GB";"I";"201.56284703"
"2019-09";"N";"US";"I";"170.00052885"
"2019-09";"K";"CN";"I";"101.63525936"
"2019-09";"K";"DE";"I";"114.25376448"
"2019-09";"K";"GB";"I";"148.20395781"
"2019-09";"K";"US";"I";"124.93987382"
"2019-10";"N";"CN";"I";"145.12927183"
"2019-10";"N";"DE";"I";"137.95685588"
"2019-10";"N";"GB";"I";"196.41136194"
"2019-10";"N";"US";"I";"169.44878517"
"2019-10";"K";"CN";"I";"99.9150642"
"2019-10";"K";"DE";"I";"113.08493253"
"2019-10";"K";"GB";"I";"144.14704861"
"2019-10";"K";"US";"I";"123.90637225"
"2019-11";"N";"CN";"I";"143.60719922"
"2019-11";"N";"DE";"I";"137.96850875"
"2019-11";"N";"GB";"I";"192.50133964"
"2019-11";"N";"US";"I";"169.56031784"
"2019-11";"K";"CN";"I";"98.43016644"
"2019-11";"K";"DE";"I";"113.40501792"
"2019-11";"K";"GB";"I";"141.14738239"
"2019-11";"K";"US";"I";"123.8028623"
"2019-12";"N";"CN";"I";"144.9752873"
"2019-12";"N";"DE";"I";"138.64332641"
"2019-12";"N";"GB";"I";"191.22204435"
"2019-12";"N";"US";"I";"171.24348408"
"2019-12";"K";"CN";"I";"99.49805766"
"2019-12";"K";"DE";"I";"113.79793225"
"2019-12";"K";"GB";"I";"140.45592788"
"2019-12";"K";"US";"I";"124.98830996"
"2020-01";"N";"CN";"I";"144.879086"
"2020-01";"N";"DE";"I";"140.61202955"
"2020-01";"N";"GB";"I";"194.26240871"
"2020-01";"N";"US";"I";"173.62244547"
"2020-01";"K";"CN";"I";"98.49906333"
"2020-01";"K";"DE";"I";"115.35650386"
"2020-01";"K";"GB";"I";"141.94032416"
"2020-01";"K";"US";"I";"126.25916721"
"2020-02";"N";"CN";"I";"145.65385207"
"2020-02";"N";"DE";"I";"142.21875921"
"2020-02";"N";"GB";"I";"194.55492184"
"2020-02";"N";"US";"I";"172.50891095"
"2020-02";"K";"CN";"I";"98.74176941"
"2020-02";"K";"DE";"I";"116.62165196"
"2020-02";"K";"GB";"I";"141.80730972"
"2020-02";"K";"US";"I";"125.17707403"
"2020-03";"N";"CN";"I";"149.03679464"
"2020-03";"N";"DE";"I";"143.01335345"
"2020-03";"N";"GB";"I";"207.87265836"
"2020-03";"N";"US";"I";"175.95553291"
"2020-03";"K";"CN";"I";"101.24470075"
"2020-03";"K";"DE";"I";"117.21309074"
"2020-03";"K";"GB";"I";"151.26616742"
"2020-03";"K";"US";"I";"127.94282215"
"2020-04";"N";"CN";"I";"148.09490869"
"2020-04";"N";"DE";"I";"143.62822611"
"2020-04";"N";"GB";"I";"204.51283876"
"2020-04";"N";"US";"I";"173.49884068"
"2020-04";"K";"CN";"I";"100.70038864"
"2020-04";"K";"DE";"I";"117.48128161"
"2020-04";"K";"GB";"I";"148.67967414"
"2020-04";"K";"US";"I";"126.6295898"
"2020-05";"N";"CN";"I";"148.78072653"
"2020-05";"N";"DE";"I";"143.2993506"
"2020-05";"N";"GB";"I";"206.47848423"
"2020-05";"N";"US";"I";"173.57642161"
"2020-05";"K";"CN";"I";"101.47936919"
"2020-05";"K";"DE";"I";"116.9340879"
"2020-05";"K";"GB";"I";"150.14915187"
"2020-05";"K";"US";"I";"126.55144451"
"2020-06";"N";"CN";"I";"151.2876321"
"2020-06";"N";"DE";"I";"141.34986941"
"2020-06";"N";"GB";"I";"206.599967"
"2020-06";"N";"US";"I";"176.99043688"
"2020-06";"K";"CN";"I";"102.90904891"
"2020-06";"K";"DE";"I";"115.21513388"
"2020-06";"K";"GB";"I";"149.87805331"
"2020-06";"K";"US";"I";"128.55063725"
"2020-07";"N";"CN";"I";"152.42247721"
"2020-07";"N";"DE";"I";"141.48322479"
"2020-07";"N";"GB";"I";"208.29628456"
"2020-07";"N";"US";"I";"180.16999904"
"2020-07";"K";"CN";"I";"104.33663176"
"2020-07";"K";"DE";"I";"116.45372739"
"2020-07";"K";"GB";"I";"150.42980071"
"2020-07";"K";"US";"I";"130.37720093"
"2020-08";"N";"CN";"I";"154.66580115"
"2020-08";"N";"DE";"I";"140.67035724"
"2020-08";"N";"GB";"I";"206.02619809"
"2020-08";"N";"US";"I";"185.01158952"
"2020-08";"K";"CN";"I";"104.67897894"
"2020-08";"K";"DE";"I";"115.68608805"
"2020-08";"K";"GB";"I";"149.55157003"
"2020-08";"K";"US";"I";"133.29272738"
"2020-09";"N";"CN";"I";"151.35175076"
"2020-09";"N";"DE";"I";"140.46419669"
"2020-09";"N";"GB";"I";"207.71410832"
"2020-09";"N";"US";"I";"184.15529709"
"2020-09";"K";"CN";"I";"102.73558594"
"2020-09";"K";"DE";"I";"115.58746068"
"2020-09";"K";"GB";"I";"150.38053088"
"2020-09";"K";"US";"I";"132.43740334"
"2020-10";"N";"CN";"I";"149.75017732"
"2020-10";"N";"DE";"I";"141.02694178"
"2020-10";"N";"GB";"I";"207.90375935"
"2020-10";"N";"US";"I";"184.48454872"
"2020-10";"K";"CN";"I";"101.99887666"
"2020-10";"K";"DE";"I";"115.81193713"
"2020-10";"K";"GB";"I";"150.5424784"
"2020-10";"K";"US";"I";"132.58540397"
"2020-11";"N";"CN";"I";"147.27225284"
"2020-11";"N";"DE";"I";"140.50871327"
"2020-11";"N";"GB";"I";"204.78324381"
"2020-11";"N";"US";"I";"184.85586725"
"2020-11";"K";"CN";"I";"100.73534482"
"2020-11";"K";"DE";"I";"115.00157275"
"2020-11";"K";"GB";"I";"148.35941715"
"2020-11";"K";"US";"I";"132.51561633"
"2020-12";"N";"CN";"I";"149.51813244"
"2020-12";"N";"DE";"I";"140.03056328"
"2020-12";"N";"GB";"I";"206.31282104"
"2020-12";"N";"US";"I";"189.43610628"
"2020-12";"K";"CN";"I";"101.51643266"
"2020-12";"K";"DE";"I";"114.61300804"
"2020-12";"K";"GB";"I";"149.05661432"
"2020-12";"K";"US";"I";"135.29594016"
"2021-01";"N";"CN";"I";"148.32328735"
"2021-01";"N";"DE";"I";"140.3256424"
"2021-01";"N";"GB";"I";"203.76366323"
"2021-01";"N";"US";"I";"189.9674967"
"2021-01";"K";"CN";"I";"100.50358156"
"2021-01";"K";"DE";"I";"113.21544971"
"2021-01";"K";"GB";"I";"146.66721301"
"2021-01";"K";"US";"I";"135.43219422"
"2021-02";"N";"CN";"I";"146.21694985"
"2021-02";"N";"DE";"I";"139.53456447"
"2021-02";"N";"GB";"I";"198.0317981"
"2021-02";"N";"US";"I";"187.6790196"
"2021-02";"K";"CN";"I";"98.92764591"
"2021-02";"K";"DE";"I";"112.19218982"
"2021-02";"K";"GB";"I";"142.435238"
"2021-02";"K";"US";"I";"133.17920944"
"2021-03";"N";"CN";"I";"142.30194177"
"2021-03";"N";"DE";"I";"136.9207584"
"2021-03";"N";"GB";"I";"191.23377939"
"2021-03";"N";"US";"I";"181.16199557"
"2021-03";"K";"CN";"I";"96.077477"
"2021-03";"K";"DE";"I";"110.066834"
"2021-03";"K";"GB";"I";"137.38076204"
"2021-03";"K";"US";"I";"128.07479821"
"2021-04";"N";"CN";"I";"143.53036071"
"2021-04";"N";"DE";"I";"137.23950452"
"2021-04";"N";"GB";"I";"192.82090225"
"2021-04";"N";"US";"I";"182.42493869"
"2021-04";"K";"CN";"I";"97.02824247"
"2021-04";"K";"DE";"I";"110.49056047"
"2021-04";"K";"GB";"I";"138.40142699"
"2021-04";"K";"US";"I";"128.27400584"
"2021-05";"N";"CN";"I";"144.7280969"
"2021-05";"N";"DE";"I";"138.11731934"
"2021-05";"N";"GB";"I";"193.8059861"
"2021-05";"N";"US";"I";"186.49873153"
"2021-05";"K";"CN";"I";"97.68405118"
"2021-05";"K";"DE";"I";"110.90361444"
"2021-05";"K";"GB";"I";"138.73510295"
"2021-05";"K";"US";"I";"130.25001874"
"2021-06";"N";"CN";"I";"143.76343776"
"2021-06";"N";"DE";"I";"138.46191951"
"2021-06";"N";"GB";"I";"193.43481059"
"2021-06";"N";"US";"I";"185.46733327"
"2021-06";"K";"CN";"I";"97.19943245"
"2021-06";"K";"DE";"I";"110.83905065"
"2021-06";"K";"GB";"I";"137.96810755"
"2021-06";"K";"US";"I";"128.61282122"
"2021-07";"N";"CN";"I";"143.26899278"
"2021-07";"N";"DE";"I";"139.56211088"
"2021-07";"N";"GB";"I";"194.37488888"
"2021-07";"N";"US";"I";"183.41580914"
"2021-07";"K";"CN";"I";"96.94878744"
"2021-07";"K";"DE";"I";"111.36688204"
"2021-07";"K";"GB";"I";"138.52211651"
"2021-07";"K";"US";"I";"126.83279334"
"2021-08";"N";"CN";"I";"143.94046136"
"2021-08";"N";"DE";"I";"140.78105941"
"2021-08";"N";"GB";"I";"195.28051206"
"2021-08";"N";"US";"I";"184.17544026"
"2021-08";"K";"CN";"I";"97.65273203"
"2021-08";"K";"DE";"I";"112.38053082"
"2021-08";"K";"GB";"I";"138.67693237"
"2021-08";"K";"US";"I";"127.15525416"
"2021-09";"N";"CN";"I";"142.24000462"
"2021-09";"N";"DE";"I";"139.48784046"
"2021-09";"N";"GB";"I";"194.3818607"
"2021-09";"N";"US";"I";"182.57419097"
"2021-09";"K";"CN";"I";"97.02887689"
"2021-09";"K";"DE";"I";"111.29460643"
"2021-09";"K";"GB";"I";"138.00565701"
"2021-09";"K";"US";"I";"125.78518294"
"2021-10";"N";"CN";"I";"141.25245225"
"2021-10";"N";"DE";"I";"141.3857857"
"2021-10";"N";"GB";"I";"194.88805253"
"2021-10";"N";"US";"I";"182.32142766"
"2021-10";"K";"CN";"I";"96.04291631"
"2021-10";"K";"DE";"I";"112.62596525"
"2021-10";"K";"GB";"I";"137.65636094"
"2021-10";"K";"US";"I";"124.91408905"
"2021-11";"N";"CN";"I";"140.81170602"
"2021-11";"N";"DE";"I";"143.96684026"
"2021-11";"N";"GB";"I";"198.53993283"
"2021-11";"N";"US";"I";"182.6660214"
"2021-11";"K";"CN";"I";"95.43541643"
"2021-11";"K";"DE";"I";"114.23500489"
"2021-11";"K";"GB";"I";"139.67510572"
"2021-11";"K";"US";"I";"124.48236189"
"2021-12";"N";"CN";"I";"140.49448252"
"2021-12";"N";"DE";"I";"145.53627116"
"2021-12";"N";"GB";"I";"200.97268427"
"2021-12";"N";"US";"I";"182.85046981"
"2021-12";"K";"CN";"I";"95.49017846"
"2021-12";"K";"DE";"I";"115.26012097"
"2021-12";"K";"GB";"I";"140.62322842"
"2021-12";"K";"US";"I";"123.86810074"
"2022-01";"N";"CN";"I";"140.56388559"
"2022-01";"N";"DE";"I";"145.61791515"
"2022-01";"N";"GB";"I";"197.74504783"
"2022-01";"N";"US";"I";"183.30438929"
"2022-01";"K";"CN";"I";"95.84506959"
"2022-01";"K";"DE";"I";"114.7247072"
"2022-01";"K";"GB";"I";"137.93919089"
"2022-01";"K";"US";"I";"123.53678238"
"2022-02";"N";"CN";"I";"139.71299871"
"2022-02";"N";"DE";"I";"144.80624711"
"2022-02";"N";"GB";"I";"197.18846202"
"2022-02";"N";"US";"I";"182.49800584"
"2022-02";"K";"CN";"I";"95.51121908"
"2022-02";"K";"DE";"I";"114.02235766"
"2022-02";"K";"GB";"I";"137.23830255"
"2022-02";"K";"US";"I";"122.57001113"
"2022-03";"N";"CN";"I";"138.66099197"
"2022-03";"N";"DE";"I";"147.8386436"
"2022-03";"N";"GB";"I";"201.18106222"
"2022-03";"N";"US";"I";"181.12471507"
"2022-03";"K";"CN";"I";"94.39267066"
"2022-03";"K";"DE";"I";"114.99572046"
"2022-03";"K";"GB";"I";"139.31415201"
"2022-03";"K";"US";"I";"120.79605565"
"2022-04";"N";"CN";"I";"138.42963516"
"2022-04";"N";"DE";"I";"148.29076585"
"2022-04";"N";"GB";"I";"201.60290885"
"2022-04";"N";"US";"I";"178.41713551"
"2022-04";"K";"CN";"I";"93.9057134"
"2022-04";"K";"DE";"I";"115.23856289"
"2022-04";"K";"GB";"I";"137.71816858"
"2022-04";"K";"US";"I";"118.8678073"
"2022-05";"N";"CN";"I";"138.95353792"
"2022-05";"N";"DE";"I";"146.29712091"
"2022-05";"N";"GB";"I";"202.1133199"
"2022-05";"N";"US";"I";"171.91901646"
"2022-05";"K";"CN";"I";"94.61283562"
"2022-05";"K";"DE";"I";"112.9586579"
"2022-05";"K";"GB";"I";"138.1680177"
"2022-05";"K";"US";"I";"113.86488298"
"2022-06";"N";"CN";"I";"140.31849215"
"2022-06";"N";"DE";"I";"147.72032609"
"2022-06";"N";"GB";"I";"206.12299233"
"2022-06";"N";"US";"I";"173.7551912"
"2022-06";"K";"CN";"I";"95.73013932"
"2022-06";"K";"DE";"I";"114.51173252"
"2022-06";"K";"GB";"I";"140.58318749"
"2022-06";"K";"US";"I";"114.24024999"
"2022-07";"N";"CN";"I";"141.09754706"
"2022-07";"N";"DE";"I";"153.35992607"
"2022-07";"N";"GB";"I";"211.9364156"
"2022-07";"N";"US";"I";"173.67361173"
"2022-07";"K";"CN";"I";"96.2245996"
"2022-07";"K";"DE";"I";"118.57008106"
"2022-07";"K";"GB";"I";"143.55872316"
"2022-07";"K";"US";"I";"114.43568336"
"2022-08";"N";"CN";"I";"144.41015123"
"2022-08";"N";"DE";"I";"156.29275577"
"2022-08";"N";"GB";"I";"214.67815369"
"2022-08";"N";"US";"I";"175.96145628"
"2022-08";"K";"CN";"I";"98.92756431"
"2022-08";"K";"DE";"I";"120.58612502"
"2022-08";"K";"GB";"I";"145.08518145"
"2022-08";"K";"US";"I";"116.06330599"
"2022-09";"N";"CN";"I";"146.65100555"
"2022-09";"N";"DE";"I";"157.10131869"
"2022-09";"N";"GB";"I";"223.27542268"
"2022-09";"N";"US";"I";"173.06518071"
"2022-09";"K";"CN";"I";"100.50059649"
"2022-09";"K";"DE";"I";"119.23841301"
"2022-09";"K";"GB";"I";"150.40917406"
"2022-09";"K";"US";"I";"113.81829729"
"2022-10";"N";"CN";"I";"146.81124979"
"2022-10";"N";"DE";"I";"154.71972753"
"2022-10";"N";"GB";"I";"219.22025639"
"2022-10";"N";"US";"I";"169.14988783"
"2022-10";"K";"CN";"I";"100.63957103"
"2022-10";"K";"DE";"I";"116.69707324"
"2022-10";"K";"GB";"I";"145.5503062"
"2022-10";"K";"US";"I";"110.8007586"
"2022-11";"N";"CN";"I";"151.00219976"
"2022-11";"N";"DE";"I";"153.88868243"
"2022-11";"N";"GB";"I";"217.48879182"
"2022-11";"N";"US";"I";"174.34727173"
"2022-11";"K";"CN";"I";"103.73271581"
"2022-11";"K";"DE";"I";"115.63891677"
"2022-11";"K";"GB";"I";"144.05887783"
"2022-11";"K";"US";"I";"114.21839729"
"2022-12";"N";"CN";"I";"152.10845362"
"2022-12";"N";"DE";"I";"153.53089853"
"2022-12";"N";"GB";"I";"217.20027231"
"2022-12";"N";"US";"I";"180.67126339"
"2022-12";"K";"CN";"I";"104.49495386"
"2022-12";"K";"DE";"I";"115.64427254"
"2022-12";"K";"GB";"I";"143.11187033"
"2022-12";"K";"US";"I";"118.22495012"
"2023-01";"N";"CN";"I";"149.38275158"
"2023-01";"N";"DE";"I";"152.13254585"
"2023-01";"N";"GB";"I";"218.23674179"
"2023-01";"N";"US";"I";"182.2149609"
"2023-01";"K";"CN";"I";"103.04587031"
"2023-01";"K";"DE";"I";"114.00745269"
"2023-01";"K";"GB";"I";"144.34163442"
"2023-01";"K";"US";"I";"119.17064426"
"2023-02";"N";"CN";"I";"150.28027101"
"2023-02";"N";"DE";"I";"152.94390377"
"2023-02";"N";"GB";"I";"220.37351096"
"2023-02";"N";"US";"I";"182.19192869"
"2023-02";"K";"CN";"I";"105.08754478"
"2023-02";"K";"DE";"I";"114.51536543"
"2023-02";"K";"GB";"I";"145.12402227"
"2023-02";"K";"US";"I";"119.234066"
"2023-03";"N";"CN";"I";"151.43209204"
"2023-03";"N";"DE";"I";"152.9299186"
"2023-03";"N";"GB";"I";"219.31853185"
"2023-03";"N";"US";"I";"181.96383459"
"2023-03";"K";"CN";"I";"105.34879077"
"2023-03";"K";"DE";"I";"114.04575722"
"2023-03";"K";"GB";"I";"143.65875377"
"2023-03";"K";"US";"I";"119.02280522"
"2023-04";"N";"CN";"I";"155.81039437"
"2023-04";"N";"DE";"I";"153.76382363"
"2023-04";"N";"GB";"I";"220.33408851"
"2023-04";"N";"US";"I";"187.41476534"
"2023-04";"K";"CN";"I";"108.2986396"
"2023-04";"K";"DE";"I";"114.34632379"
"2023-04";"K";"GB";"I";"143.21974015"
"2023-04";"K";"US";"I";"122.07151502"
"2023-05";"N";"CN";"I";"158.18554109"
"2023-05";"N";"DE";"I";"155.31423954"
"2023-05";"N";"GB";"I";"220.03570721"
"2023-05";"N";"US";"I";"187.68352186"
"2023-05";"K";"CN";"I";"109.83522332"
"2023-05";"K";"DE";"I";"115.43550491"
"2023-05";"K";"GB";"I";"142.48924632"
"2023-05";"K";"US";"I";"122.07553862"
"2023-06";"N";"CN";"I";"161.56211085"
"2023-06";"N";"DE";"I";"155.18475703"
"2023-06";"N";"GB";"I";"216.61859672"
"2023-06";"N";"US";"I";"186.91460428"
"2023-06";"K";"CN";"I";"112.13484838"
"2023-06";"K";"DE";"I";"114.97184504"
"2023-06";"K";"GB";"I";"139.94354047"
"2023-06";"K";"US";"I";"121.37995861"
"2023-07";"N";"CN";"I";"167.15569164"
"2023-07";"N";"DE";"I";"156.77963342"
"2023-07";"N";"GB";"I";"218.90170211"
"2023-07";"N";"US";"I";"192.65757126"
"2023-07";"K";"CN";"I";"116.19206829"
"2023-07";"K";"DE";"I";"115.94531821"
"2023-07";"K";"GB";"I";"141.51280214"
"2023-07";"K";"US";"I";"124.95288023"
"2023-08";"N";"CN";"I";"167.77013208"
"2023-08";"N";"DE";"I";"158.01989651"
"2023-08";"N";"GB";"I";"220.68802383"
"2023-08";"N";"US";"I";"191.69167198"
"2023-08";"K";"CN";"I";"116.65248247"
"2023-08";"K";"DE";"I";"116.59173899"
"2023-08";"K";"GB";"I";"142.53579089"
"2023-08";"K";"US";"I";"123.83666673"
"2023-09";"N";"CN";"I";"165.07152322"
"2023-09";"N";"DE";"I";"157.82688524"
"2023-09";"N";"GB";"I";"221.19746504"
"2023-09";"N";"US";"I";"187.45629637"
"2023-09";"K";"CN";"I";"115.01100051"
"2023-09";"K";"DE";"I";"116.55474679"
"2023-09";"K";"GB";"I";"142.38897568"
"2023-09";"K";"US";"I";"120.90464213"
"2023-10";"N";"CN";"I";"164.26807604"
"2023-10";"N";"DE";"I";"158.57197663"
"2023-10";"N";"GB";"I";"223.90454943"
"2023-10";"N";"US";"I";"186.29138796"
"2023-10";"K";"CN";"I";"114.75260175"
"2023-10";"K";"DE";"I";"117.25669831"
"2023-10";"K";"GB";"I";"144.36194857"
"2023-10";"K";"US";"I";"120.24007159"
"2023-11";"N";"CN";"I";"164.65765871"
"2023-11";"N";"DE";"I";"157.24436326"
"2023-11";"N";"GB";"I";"222.57566129"
"2023-11";"N";"US";"I";"188.8080821"
"2023-11";"K";"CN";"I";"115.29646595"
"2023-11";"K";"DE";"I";"116.26085702"
"2023-11";"K";"GB";"I";"143.59272126"
"2023-11";"K";"US";"I";"121.67223414"
"2023-12";"N";"CN";"I";"167.79828387"
"2023-12";"N";"DE";"I";"160.46612895"
"2023-12";"N";"GB";"I";"225.06131153"
"2023-12";"N";"US";"I";"194.6905481"
"2023-12";"K";"CN";"I";"117.63008257"
"2023-12";"K";"DE";"I";"118.54249234"
"2023-12";"K";"GB";"I";"144.88497485"
"2023-12";"K";"US";"I";"125.38479966"
"2024-01";"N";"CN";"I";"169.803853"
"2024-01";"N";"DE";"I";"161.84531249"
"2024-01";"N";"GB";"I";"226.12721653"
"2024-01";"N";"US";"I";"196.29571165"
"2024-01";"K";"CN";"I";"119.6388282"
"2024-01";"K";"DE";"I";"119.42350698"
"2024-01";"K";"GB";"I";"145.39417584"
"2024-01";"K";"US";"I";"126.10813714"
"2024-02";"N";"CN";"I";"166.72358523"
"2024-02";"N";"DE";"I";"160.11064021"
"2024-02";"N";"GB";"I";"222.50318611"
"2024-02";"N";"US";"I";"192.06683307"
"2024-02";"K";"CN";"I";"117.08857994"
"2024-02";"K";"DE";"I";"118.26019226"
"2024-02";"K";"GB";"I";"142.76186799"
"2024-02";"K";"US";"I";"123.23935509"
"2024-03";"N";"CN";"I";"164.67163816"
"2024-03";"N";"DE";"I";"156.83049818"
"2024-03";"N";"GB";"I";"218.1554648"
"2024-03";"N";"US";"I";"189.44385063"
"2024-03";"K";"CN";"I";"115.61316244"
"2024-03";"K";"DE";"I";"115.67578472"
"2024-03";"K";"GB";"I";"139.14347401"
"2024-03";"K";"US";"I";"121.00579458"
"2024-04";"N";"CN";"I";"161.69483577"
"2024-04";"N";"DE";"I";"155.19574304"
"2024-04";"N";"GB";"I";"216.1531381"
"2024-04";"N";"US";"I";"185.10172655"
"2024-04";"K";"CN";"I";"113.6952281"
"2024-04";"K";"DE";"I";"114.40029959"
"2024-04";"K";"GB";"I";"138.239462"
"2024-04";"K";"US";"I";"118.2592114"
"2024-05";"N";"CN";"I";"161.66070138"
"2024-05";"N";"DE";"I";"154.16568447"
"2024-05";"N";"GB";"I";"214.52346939"
"2024-05";"N";"US";"I";"185.19295781"
"2024-05";"K";"CN";"I";"113.48207732"
"2024-05";"K";"DE";"I";"113.41771675"
"2024-05";"K";"GB";"I";"136.99977066"
"2024-05";"K";"US";"I";"118.27676529"
"2024-06";"N";"CN";"I";"164.90682629"
"2024-06";"N";"DE";"I";"157.46430945"
"2024-06";"N";"GB";"I";"216.75638002"
"2024-06";"N";"US";"I";"188.36188958"
"2024-06";"K";"CN";"I";"115.75921124"
"2024-06";"K";"DE";"I";"115.61029779"
"2024-06";"K";"GB";"I";"138.02128006"
"2024-06";"K";"US";"I";"120.34538759"
"2024-07";"N";"CN";"I";"165.35254729"
"2024-07";"N";"DE";"I";"156.49967923"
"2024-07";"N";"GB";"I";"214.73209769"
"2024-07";"N";"US";"I";"188.67194586"
"2024-07";"K";"CN";"I";"115.84574609"
"2024-07";"K";"DE";"I";"114.59829309"
"2024-07";"K";"GB";"I";"136.45697484"
"2024-07";"K";"US";"I";"120.39907941"
"2024-08";"N";"CN";"I";"169.3144452"
"2024-08";"N";"DE";"I";"160.26466538"
"2024-08";"N";"GB";"I";"221.93869925"
"2024-08";"N";"US";"I";"196.2018007"
"2024-08";"K";"CN";"I";"118.33549146"
"2024-08";"K";"DE";"I";"117.29093073"
"2024-08";"K";"GB";"I";"140.52847656"
"2024-08";"K";"US";"I";"124.92318149"
"2024-09";"N";"CN";"I";"169.76185175"
"2024-09";"N";"DE";"I";"160.95967999"
"2024-09";"N";"GB";"I";"220.02941638"
"2024-09";"N";"US";"I";"198.74992974"
"2024-09";"K";"CN";"I";"118.81690752"
"2024-09";"K";"DE";"I";"117.41750967"
"2024-09";"K";"GB";"I";"139.19744166"
"2024-09";"K";"US";"I";"126.2398794"
"2024-10";"N";"CN";"I";"167.33301476"
"2024-10";"N";"DE";"I";"161.36081145"
"2024-10";"N";"GB";"I";"219.21356377"
"2024-10";"N";"US";"I";"195.65555928"
"2024-10";"K";"CN";"I";"116.95230323"
"2024-10";"K";"DE";"I";"117.32268661"
"2024-10";"K";"GB";"I";"138.3243385"
"2024-10";"K";"US";"I";"123.99297134"
